"Table 4  -Full list of first forenames given, Scotland, 2007",,,,

Boys,,,Girls,
Name,Number,,Name,Number
A,1,,Aahana,1
Aadam,5,,Aaima,1
Aadit,1,,Aaiva,1
Aahron,1,,Aakriti,1
Aaran,1,,Aaliyah,7
Aaren,1,,Aamanee,1
Aarez,1,,Aamina,1
Aarman,1,,Aaminah,2
Aaron,279,,Aamirah,1
Aaron-James,1,,Aamna,1
Aarron,6,,Aanya,2
Aaryan,1,,Aara,1
Aaryn,3,,Aaraa,1
Aayan,4,,Aarifah,2
Aazaan,1,,Aarthi,1
Abaan,1,,Aaryn,1
Abbas,1,,Aayat,1
Abdallah,1,,Aayma,1
Abdalroof,1,,Abaigeal,1
Abdihakim,1,,Abar,1
Abdirahman,1,,Abbe,1
Abdisalam,1,,Abbegail,1
Abdul,14,,Abbey,28
Abdul-Aziz,1,,Abbeygail,2
Abdulbasir,1,,Abbeygale,1
Abdulkadir,1,,Abbi,25
Abdulkarem,1,,Abbie,196
Abdulkhader,1,,Abbiegail,1
Abdullah,11,,Abbie-Leigh,1
Abdul-Majeed,1,,Abbie-Rose,1
Abdulmalik,1,,Abbigail,4
Abdul-Rehman,1,,Abbigale,1
Abdur,1,,Abbi-Lee,1
Abdurraheem,1,,Abby,69
Abdur-Rahman,1,,Abby-Leigh,1
Abdur-Rehmaan,1,,Abeera,1
Abel,3,,Abhia,1
Abhinav,3,,Abhy,1
Abhisumant,1,,Abi,61
Abid,1,,Abia,1
Abir,1,,Abigael,4
Abraham,4,,Abigail,153
Abu,1,,Abigayle,3
Abubakar,2,,Abiha,1
Ace,1,,Abi-Louise,1
Adain,2,,Abiola,1
Adam,323,,Abisha,1
Adam-James,1,,Abiya,1
Addison,1,,Abrar,1
Addisson,1,,Abrare,1
Adegbola,1,,Abril,1
Adegbolahan,1,,Aby,1
Aden,1,,Ada,1
Adenn,1,,Adalaide,1
Adie,1,,Adana,1
Adil,4,,Addison,5
Aditya,1,,Adeena,1
Adnan,2,,Adelaide,1
Adrian,14,,Adele,12
Adrien,1,,Adison,1
Aedan,15,,Adonica,1
Aedin,1,,Adrian,1
Aedyn,2,,Adriana,4
Aeron,1,,Adrianna,3
Afonso,1,,Adrienne,2
Ahmad,6,,Adwoa,1
Ahmed,10,,Aelish,1
Ahmed-Aziz,1,,Aeryn,4
Ahoua,1,,Aeva,1
Ahtasham,1,,Afifah,1
Aiadan,1,,Afrina,1
Aidan,203,,Afton,1
Aiden,289,,Agata,2
Aiden-Jack,1,,Agatha,1
Aiden-Vee,1,,Agnieszka,1
Aidian,2,,Ahdia,1
Aidy,1,,Aibidh,1
Ailin,1,,Aida,1
Aiman,1,,Aidah,1
Ainsley,1,,Aieecia,1
Ainslie,1,,Aiesha,2
Airen,1,,Aila,6
Airidas,1,,Ailee,4
Airlie,1,,Aileigh,1
AJ,1,,Ailey,6
Ajay,5,,Aili,2
A-Jay,3,,Ailidh,6
Ajayraj,1,,Ailie,7
Akan,1,,Ailiegh,1
Akram,1,,Ailise,1
Al,1,,Ailish,7
Ala',1,,Ailsa,36
Alan,36,,Aimee,192
Alanas,1,,Aimee-jo,1
Alasdair,42,,Aimee-Lee,2
Alastair,24,,Aimeeleigh,1
Alber,1,,Aimee-Leigh,1
Albert,4,,Aimee-Louise,3
Albie,2,,Aimi,2
Aldred,1,,Aimie,5
Alec,10,,Aimiee,1
Aled,2,,Aine,7
Aleem,1,,Ainsley,3
Aleksandar,1,,Ainslie,2
Aleksander,12,,Airlie,1
Aleksandr,1,,Aisa,1
Aleksandrs,1,,Aisha,10
Alekzander,1,,A'isha,1
Alessandro,2,,Aishah,1
Alessio,1,,Aisling,5
Alex,74,,Aislinn,2
Alexander,299,,Aiva,3
Alexei,1,,Aiyana,1
Alexx,1,,Aiyanna,1
Alexzander,1,,Aizah,2
Alf,1,,Ajooni,1
Alfee,1,,Akam,1
Alfie,100,,Akira,1
Alfred,8,,Ala,1
Alfy,1,,Alaa,1
Alhaji,1,,Alana,36
Al-Hassan,1,,Alanah,2
Ali,22,,Alanda,1
Aliekber,1,,Alani,2
Alieu,1,,Alanis,1
Alihaider,1,,Alanna,13
Alisdair,3,,Alannah,12
Alishan,1,,Alanna-Jane,1
Alistair,53,,Alanys,1
Alistar,1,,Alara,1
Alister,1,,Alaska,1
Aliyaan,1,,Alayna,3
Allan,22,,Alba,3
Allan-Laiton,1,,Alea,1
Allen,1,,Aleah,1
Allesandro,1,,Alecia,3
Allister,2,,Aleece,1
Ally,6,,Aleena,7
Alphonse,1,,Aleese,1
Altyiab,1,,Aleesha,3
Alum,1,,Aleeshmah,1
Alvern,1,,Aleeyah,1
Alvin,1,,Aleeza,3
Alyas,1,,Aleina,1
Amaan,1,,Aleisha,10
Aman,2,,Aleishia,1
Amani,1,,Aleksandra,1
Ambanimoh,1,,Alena,1
Ameer,3,,Alesha,12
Amgad,1,,Aleshia,2
Ami,2,,Alessandra,1
Amin,1,,Alessia,1
Amir,4,,Alex,46
Ammaar,1,,Alexa,9
Ammar,1,,Alexandra,35
Ammer,1,,Alexandria,8
Amolpreet,1,,Alexandrina,2
Amos,2,,Alexanne,1
Amrinder,1,,Alexi,1
Amrit,1,,Alexia,4
Amro,1,,Alexina,1
Anay,1,,Alexis,21
Andrea,1,,Alexx,1
Andreas,1,,Ali,3
Andrei,2,,Alice,51
Andrejs,1,,Alice-Drew,1
Andrew,288,,Alicia,31
Andy,2,,Alicia-Marie,1
Anees,3,,Alicja,3
Anesu,1,,Aliesha,3
Angel,1,,Alieshah,1
Angelo,1,,Alighia,1
Angus,93,,Alina,8
Anir,1,,Alisa,3
Anis,1,,Alise,1
Anish,1,,Alisha,39
Anmolpreet,1,,Alishah,1
Annan,1,,Alisha-Sophia,1
Anndra,1,,Alishba,2
Anselm,1,,Alison,8
Anthony,42,,Alissa,3
Anthony-John,1,,Alivia,2
Antoine,3,,Alivia-Rose,1
Anton,5,,Alix,19
Antoni,4,,Aliya,2
Antonio,4,,Aliyah,7
Antony,5,,Aliza,3
Antonyo,1,,Allana,6
Anubhav,1,,Allanah,3
Aodhan,3,,Allannah,2
Aon,1,,Allegria,1
Aonghus,1,,Alleisha,1
Apisai,1,,Alliah,1
Arafat,1,,Allice,1
Aran,1,,Allie,3
Arandeep,1,,Allisha,2
Arann,1,,Ally,3
Aray,1,,Almaas,1
Arayan,1,,Almirah,1
Archibald,6,,Alona,1
Archie,106,,Alora,1
Arda,1,,Alphonsina,1
Ardal,1,,Alva,2
Ardeshir,1,,Alveena,1
Areeb,2,,Alx,1
Areez,1,,Alycia,1
Aref,1,,Alyessa,1
Arfin,1,,Alyia,1
Argyle,3,,Alysa,1
Argyll,3,,Alyse,1
Ari,2,,Alysha,7
Aria,1,,Alysha-Anne,1
Arian,1,,Alyshia,1
Arihant,1,,Alysia,1
Aristomenis,1,,Alyssa,38
Aristotelis,1,,Alyth,1
Arjuna,1,,Alyx,5
Arlo,3,,Ama,2
Armaan,2,,Amaarah,1
Arman,1,,Amahle,1
Armen,1,,Amaia,1
Arnab,1,,Amalia,1
Arnav,1,,Amalie,4
Arnold,1,,Amanda,7
Aron,7,,Amaney,1
Aronas,1,,Amani,1
Arran,98,,Amara,2
Arrham,1,,Amarah,1
Arron,16,,Amaylyuh,1
Arryn,1,,Amber,82
Arsalan,1,,Amber-Leigh,1
Artem,1,,Amberlouise,1
Arthur,13,,Amberly,1
Artur,2,,Ambreen,1
Arturo,1,,Ame,1
Arun,3,,Ameelia,1
Arunas,1,,Ameera,4
Arved,1,,Ameerah,1
Arya,1,,Amelia,86
Aryan,5,,Amelia-Jane,1
Aryankhan,1,,Amelie,44
Aryian,1,,Amelka,1
Aryn,1,,Amellie,1
Asa,2,,Amera,1
Asfhan,1,,Amey,1
Ash,1,,Amez,1
Ashlee-jay,1,,Ami,7
Ashley,5,,Amie,23
Ashton,46,,Amiee,2
Ashton-Lloyd,1,,Amie-Lee,1
Ashtyn,1,,Amieleigh,1
Ashwin,1,,Amie-Leigh,1
Asif,1,,Ami-Grace,1
Asim,2,,Amii,2
Aslam,1,,Ami-jay,1
Asrar,1,,Ami-Lee,2
Ata,1,,Ami-Leigh,1
Atal,1,,Amilie,1
Atapattu,1,,Amina,7
Ateeq,1,,Aminah,2
Athol,1,,Amira,4
Athon,1,,Amirah,4
Athos-Carlos,1,,Ammara,1
Atli,1,,Ammarah,1
Atom,1,,Amna,4
Attila,1,,Amnah,1
Aulay,2,,Amrien,1
Aun,2,,Amrita,1
Austen,3,,Amy,369
Austin,9,,Amy-Ivy,1
Avani,1,,Amy-Jane,1
Averon,1,,Amylea,1
Avi,1,,Amy-Lea,1
Avinash,1,,Amylee,1
Avraham,1,,Amy-Lee,4
Awais,2,,Amyleigh,2
Awwal,1,,Amy-Leigh,3
Axel,1,,Amy-Louise,4
Ayaan,9,,Amyrose,1
Ayan,2,,Ana,10
Aydan,2,,Anabella,1
Ayden,16,,Anabelle,2
Aydin,4,,Anais,4
Aydon,1,,Anaìs,1
Ayman,1,,Analucia,1
Ayomide,1,,Ana-Lucia,1
Ayren,2,,Analyse,1
Ayrton,1,,Anastacia,3
Aytug,1,,Anastasia,4
Ayub,1,,Anastasija,3
Ayyub,1,,Anastazja,2
Azaan,3,,Anaya,1
Azedine,1,,Anayah,1
Azeem,1,,Ander,1
Azim,1,,Andi,5
Aziz,2,,Andie,1
Azlan,1,,Andra,1
Azzam,1,,Andrea,7
Azzedine,1,,Aneeka,1
Babatunmise,1,,Aneesa,2
Babur,1,,Aneesah,1
Bader,1,,Aneilya,1
Badr,1,,Aneliese,1
Badsha,1,,Aneshia,1
Bailee,1,,Aneshka,1
Bailey,56,,Angali,1
Bailie,1,,Angaly,1
Bailley,1,,Angel,25
Baillie,7,,Angela,8
Baley,1,,Angelic,1
Balian,1,,Angelica,2
Banan,1,,Angelika,1
Barath,1,,Angelina,3
Barkley,1,,Angeline,1
Barney,1,,Angel-Leigh,1
Baron,1,,Angel-Louise,1
Barrie,2,,Aniela,1
Barry,19,,Anifhe,1
Bartlomiej,1,,Anika,6
Bartosz,8,,Aniqa,1
Basher,1,,Anisa,1
Basile,1,,Anise,1
Baxter,1,,Anita,2
Baye,1,,Anja,1
Bayley,1,,Anjali,3
Beau,1,,Anjolaoluwa,1
Beinn,1,,Anmar,1
Bekim,1,,Anmol,2
Believe,1,,Ann,3
Ben,286,,Anna,185
Bendeguz,1,,Annabel,22
Benedict,8,,Annabella,3
Benjamin,128,,Annabelle,12
Benjamyn,1,,Annagayle,1
Benji,2,,Annalee,1
Benn,3,,Annaleece,1
Bennett,3,,Annaleigh,1
Benny,1,,Annalicia,1
Benoit,1,,Annaliesse,1
Bentley,2,,Annalisa,1
Berkay,1,,Annalise,5
Bernard,1,,Anna-Maria,2
Bertie,2,,Annastacia,1
Bevin,1,,Anne,5
Bezalel,1,,Annelie,2
Bhaaldeen,1,,Anneliese,1
Bharath,1,,Annelise,3
Bilal,3,,Anneroy,1
Bill,1,,Annica,1
Billy,35,,Annick,1
Binod,1,,Annie,34
Bjorn,2,,Annika,3
Blaike,1,,Ann-Margaret,1
Blaine,5,,Annmarie,1
Blair,99,,Ann-Marie,1
Blaire,1,,Annoushka,1
Blake,40,,Annsarai,1
Blazej,1,,Anona,1
Blazey,1,,Anousha,1
Blessing,1,,Antigone,1
Blue,1,,Antonia,5
Blyth,1,,Antonina,2
Bo,1,,Anum,1
Boab,1,,Anurati,1
Bob,1,,Anureet,1
Bobby,17,,Anwen,1
Bobby-Lee,1,,Anya,26
Bodhan,1,,Aoibha,1
Boedyn,1,,Aoibhe,1
Bogdan,1,,Aoibheann,1
Bohbi,1,,Aoife,21
Bony,1,,Aphra,1
Bowen,1,,April,16
Bowie,1,,Apryl,1
Boyd,14,,Aqsa,3
Bracken,1,,Arabella,2
Brad,4,,Architha,1
Bradan,1,,Ar'den,1
Braden,3,,Areeba,1
Bradley,39,,Areej,2
Bradlie,1,,Arella,1
Bradly,1,,Arfa,1
Brady,4,,Arfaa,1
Bradyn,1,,Aria,6
Braeden,2,,Ariah,1
Braiden,4,,Ariana,4
Brajan,1,,Arianna,8
Brandan,4,,Ariel,1
Branden,6,,Ariella,3
Brandon,88,,Arin,1
Brandonlee,1,,Arisha,1
Brandon-Lee,6,,Arissa,1
Brandyn,11,,Arlene,1
Brannan,1,,Armani,1
Brayden,10,,Armelle,1
Braydon,1,,Aroob,1
Braydyn,1,,Arooba,1
Breandan,1,,Arshita,1
Brehme,1,,Arshjoyat,1
Brendan,18,,Artemis,1
Brendon,1,,Arwa,2
Brendyn,1,,Arwen,11
Breogan,1,,Arya,1
Bret,1,,Arzoo,1
Brett,5,,Asal,1
Briaddon,1,,Aseel,2
Brian,22,,Asena,1
Brodi,1,,Asha,1
Brodie,58,,Ashbey,1
Brody,10,,Ashlee,1
Brogan,4,,Ashleen,1
Broghan,1,,Ashleigh,20
Brooke,1,,Ashley,34
Brooklin,1,,Ashley-Louise,1
Brooklyn,14,,Ashlin,1
Bruce,24,,Ashlyn,2
Bruin,1,,Ashlynn,1
Bruno,4,,Ashna,1
Brunon,1,,Ashton,3
Bryan,10,,Ashtyn,4
Bryce,9,,Asia,3
Bryden,2,,Asiya,1
Brydon,1,,Asra,1
Brydon-Craig,1,,Asritha,1
Bryn,2,,Astra,1
Brynmor,2,,Astrid,1
Bryson,1,,Astrud,1
Buddy,1,,Asya,1
Bully,1,,Athena,1
Burak,1,,Atika,1
Burhan,1,,Atiya,1
Butali,1,,Atlanta,1
Butchi,1,,Audrey,2
Byron,1,,Aurea,1
Cabhan,1,,Aurelia,2
Cadan,1,,Aurelija,1
Cade,2,,Aurlah,1
Caden,13,,Aurora,2
Cadon,1,,Ausra,1
Cadyn,1,,Autumn,7
Caedan,1,,Ava,254
Caedyn,1,,Ava-Grace,1
Cael,2,,Avah,1
Caelan,14,,Ava-Jae,1
Caelen,2,,Ava-Mae,1
Caethan,1,,Avani,2
Cahl,2,,Avanya,1
Cahlum,1,,Avesta,1
Cai,3,,Avril,1
Caidan,3,,Avsta,1
Caiden,26,,Avya,1
Caiden-Paul,1,,Aya,2
Caidyn,1,,Ayaan,1
Caie,1,,Ayaana,1
Cailaen,1,,Ayah,1
Cailean,10,,Ayanna,1
Caileb-John,1,,Ayat,1
Cailin,2,,Ayda,1
Cain,9,,Ayeesha,1
Caine,2,,Ayeisha,1
Cairn,1,,Ayesha,7
Cal,4,,Ayiah,1
Calan,13,,Ayla,12
Calder,1,,Aylea-Louise,1
Cale,1,,Ayleen,1
Calean,1,,Ayleigh,1
Caleb,72,,Aylesha,1
Calen,1,,Aylie,2
Caley,3,,Aymal,1
Calib,2,,Aymie,1
Calin,1,,Ayomide,1
Callahan,1,,Ayooluwa,1
Callan,20,,Ayra,1
Callan-Adam,1,,Ayse,1
Calley,1,,Aysha,4
Callie,1,,Ayshah,1
Callin,1,,Ayva,4
Callum,411,,Babyjane,1
Callun,1,,Baighley,1
Callyn,1,,Baileigh,3
Calum,185,,Bailey,28
Calum-James,1,,Bailie,1
Calvin,49,,Baillie,7
Cambell,1,,Balqees,1
Camerin,1,,Barbara,2
Cameron,396,,Bay,1
Campbel,1,,Bayleigh,1
Campbell,32,,Bayley,2
Camron,2,,Bayli,1
Caolain,1,,Baylie,2
Caolan,2,,Beatrice,6
Carl,3,,Beatriz,1
Carlo,2,,Beau,3
Carlos,2,,Becca,12
Carrich,1,,Becky,14
Carrick,8,,Bekki,2
Carson,15,,Bella,3
Carter,11,,Belle,4
Carwyn,1,,Bena,1
Casey,9,,Bente,1
Casper,7,,Beraka,1
Cassy,1,,Berlin,1
Cathal,3,,Bernadette,1
Cator,1,,Betane,1
Cavan,1,,Beth,83
Cayden,28,,Bethan,15
Cayden-Robert,1,,Bethanie,3
Cayden-Tiamo,1,,Bethany,62
Ceejay,1,,Bethany-Marie,1
Ceilan,1,,Bethel,2
Ceiran,1,,Betheny,1
Ceirin,1,,Bethlin,1
Ceiron,1,,Betsy,2
Cejay,1,,Betty,1
Celik,1,,Beyza,1
Cephas,2,,Bianca,4
Cesar,1,,Biatris,1
Cesare,1,,Billi,1
Chad,1,,Billie,14
Chaitanya,1,,Billiejo,2
Chang-Ha,1,,Billie-Jo,2
Charles,51,,Bintou,1
Charley,2,,Bisma,1
Charlie,209,,Bismah,2
Charly,1,,Blaise,1
Chase,2,,Blanka,1
Che,5,,Blyth,1
Chester,1,,Blythe,2
Chevy,1,,Bobbi,6
Chi,1,,Bobbie,2
Chibudom,1,,Bobbi-Leigh,1
Chidera,2,,Boe,1
Chimsom,1,,Boni,1
Chin,1,,Bonni,1
Chintu,1,,Bonnie,11
Chiqal,1,,Bonnie-Bleu,1
Chiron,1,,Bonnie-Marie,1
Chris,3,,Bo-Sapphire,1
Chris-Daniel,1,,Boshra,1
Chrismedi,1,,Boudicca,1
Christian,11,,Bow,1
Christie,2,,Bracken,1
Christoph,1,,Bracken-Jean,1
Christopher,160,,Braegan,1
Christopher-Lee,1,,Bramble,1
Christy,4,,Brandi,1
Chu,1,,Brea,2
Chukwuemeka,1,,Breagh,2
Cian,27,,Breagha,3
Ciann,1,,Breah,1
Ciar,1,,Breanna,6
Ciaran,46,,Bree,2
Ciarian,1,,Breeanna,1
Cieran,1,,Brenae,1
Cillian,4,,Brenna,4
Cillin,1,,Brenna-Louise,1
Cinar,2,,Briagha,1
CJ,2,,Briana,1
C-Jay,2,,Brianna,4
Clark,5,,Brieghanna,1
Clarke,3,,Brier,1
Clayton,2,,Brigitte,1
Clement,1,,Briony,4
Clifford,1,,Brodi,1
Clyde,1,,Brodie,15
Cobain,2,,Brody,2
Coban,1,,Brogan,23
Coben,3,,Broghan,2
Cobi,1,,Bronagh,5
Cobie,1,,Bronte,1
Coby,4,,Bronwen,2
Codey,2,,Bronwyn,2
Codi,1,,Brook,1
Codie,2,,Brooke,219
Cody,49,,Brookelyn,1
Cody-Lee,1,,Brooke-Marie,1
Coel,1,,Brooklyn,9
Cohan,2,,Brooklynn,1
Cohen,3,,Brooklyn-Sky,1
Colby,3,,Bryanna,1
Cole,85,,Bryn,1
Colin,21,,Bryoni,1
Coll,12,,Bryony,5
Colm,2,,Buse,1
Colt,1,,Bushra,1
Colton,1,,Caceylee,1
Colum,1,,Cacie,1
Colvin,1,,Cadance,1
Comghan,1,,Cadee-Alyssa,1
Conal,9,,Cadence,1
Conall,4,,Cadey,1
Conan,3,,Cadey-Lee,1
Conar,1,,Cadey-Leigh,3
Conghaile,1,,Cadhla,2
Conlan,4,,Cadie,1
Conley,1,,Cadi-Lee,1
Conli,1,,Cady,2
Conlin,1,,Caela,2
Conlly,1,,Caelainn,1
Conlon,2,,Caelan,1
Conlyn,1,,Caelinn,2
Connal,1,,Caelyn,2
Connall,1,,Caera,1
Connan,1,,Caiden,1
Connar,2,,Caidie,1
Connel,1,,Caidy,1
Connell,3,,Caidyn,1
Conner,15,,Caileen,1
Connolly,1,,Cailie,1
Connor,279,,Cailin,4
Connor-David,1,,Cailyn,4
Conor,44,,Cailyne,1
Conrad,3,,Caiolea,1
Cooper,25,,Caiomhe,1
Copeland,1,,Caisey,1
Coray,1,,Cait,2
Corben,1,,Caitaidh,1
Corbin,1,,Caite,1
Corey,56,,Caitlin,180
Corey-James,1,,Caitlinn,1
Corey-Jay,1,,Caitlyn,47
Cori,2,,Caitlynn,4
Corie,1,,Caitrìona,1
Corin,3,,Caity,1
Cormac,7,,Caity-Marie,1
Cormack,1,,Calah,1
Cormak,1,,Cale,1
Corran,1,,Caleigh,2
Corrie,1,,Caley,2
Cory,9,,Cali,4
Cosmo,2,,Calice,1
Coupar,1,,Calla,3
Craig,92,,Calleigh,4
Craig-James,2,,Calli,1
Crawford,4,,Callia,1
Creag,1,,Callie,19
Crispin,1,,Callie-Jayne,1
Cristian,1,,Cally,3
Crombie,1,,Calypso,2
Cruiz,1,,Cameron,15
Cruz,5,,Cameryn,1
Cuillin,1,,Camilla,1
Cullen,2,,Camille,3
Cullin,1,,Camillie,1
Curtis,5,,Camren,1
Cyrus,2,,Camryn,5
Daanyaal,1,,Candice,3
Daegan,1,,Caoilainn,1
Daegyu,1,,Caoilfhinn,1
Dafydd,1,,Caoilfinn,1
Dagon,1,,Caoimhe,13
Dailey,1,,Capree,1
Daimhin,1,,Capri,1
Daithi,2,,Cara,130
Dakota,1,,Caragh,9
Daksh,1,,Carah,1
Dale,15,,Caralee,1
Dalong,1,,Cara-Leigh,1
Dalton,3,,Cara-Louise,1
Damian,9,,Carey,2
Damien,11,,Cari,2
Damon,6,,Cari-ann,1
Dan,5,,Carina,4
Danar,1,,Caris,6
Dane,2,,Carisen,1
Danial,2,,Cariss,1
Daniel,391,,Carla,42
Daniele,1,,Carlee,2
Daniel-James,1,,Carley,3
Daniels,1,,Carli,2
Daniil,1,,Carlie,5
Danish,3,,Carlotta,3
Daniyal,2,,Carly,68
Danniel,1,,Carlynn,1
Danny,31,,Carmel,1
Dante,2,,Carmella,1
Danyal,4,,Carmen,22
Danyil,1,,Carmyle,1
Danys,1,,Carol,3
Daood,1,,Carolanne,2
Dara,2,,Caroline,7
Darach,2,,Carolyn,2
Daragh,2,,Carra,2
Darcy,1,,Carragh,1
D'arcy,1,,Carra-Leigh,1
Dareh,1,,Carri,1
Daren,1,,Carrie,19
Darien,1,,Carrie-Anne,1
Darius,1,,Carrie-Louise,1
Darl,1,,Carris,1
Darn,1,,Carron,1
Darrach,1,,Caryn,1
Darragh,7,,Carys,45
Darrel,2,,Caryss,1
Darrell,4,,Casey,66
Darren,44,,Casey-Jean,1
Darrie,1,,Caseyleigh,1
Darrius,1,,Casey-Leigh,4
Darroch,1,,Casie,2
Darryl,3,,Cassandra,1
Darryn,1,,Cassia,1
Darwyn,1,,Cassidy,2
Daryl,13,,Cassie,15
Daryn,2,,Cassieleigh,1
Daud,4,,Cassie-Louise,1
Daumantas,1,,Cassy,1
Davi,1,,Cate,6
David,234,,Catharine,1
David-Jay,1,,Catherine,42
David-Lee,2,,Catherine-Leigh,1
Davie,1,,Cathleen,1
Davis,2,,Cathryn,1
Davy,1,,Catlin,1
Dawid,9,,Catrin,2
Dawson,4,,Catriona,23
Dawud,2,,Catriona-May,1
Dawûd,1,,Cayce,1
Dayem,1,,Caydee,2
Daymian,1,,Caydee-Lea,1
Deacon,12,,Caydence,1
Deagan,1,,Cayla,2
Dean,54,,Caylin,1
Deano,2,,Caysey,2
Decklan,1,,Ceara,2
Declain,1,,Cecilia,3
Declan,89,,Cecily,2
Declyan,1,,Cedar,1
Declyn,2,,Cee-Jai,1
Dedeniseoluwa,1,,Cee-Jay,1
Deecan,1,,Ceilidh,3
Deegan,1,,Ceilidh-Dawn,1
Deelan,1,,Ceira,2
Deklain-Jaimes,1,,Ceitidh,1
Del,3,,Celeste,1
Demetrius,1,,Celia,2
Denis,8,,Celina,1
Deniss,1,,Celine,1
Dennan,1,,Celsea,1
Dennin,1,,Celsi,1
Dennis,3,,Ceol,1
Denny,2,,Ceren,1
Dennys,1,,Ceridwen,1
Denon,1,,Cerys,42
Denton,1,,Chaela,1
Denver,1,,Chahat,1
Denzel,2,,Chahinez,1
Deon,1,,Chala,1
Derek,9,,Chandanpreet,1
Derick,1,,Chanel,8
Derin,2,,Chanelle,13
Dermot,1,,Chantelle,27
Derren,5,,Chara,1
Derrie,1,,Chardonnay,1
Derrin,1,,Charis,4
Derron,2,,Charlay,1
Derry,6,,Charlee,1
Derryn,2,,Charleigh,6
Deryn,3,,Charlene,2
Deshawn,1,,Charley,56
Desmond,1,,Charley-Louise,1
Dev,1,,Charley-Rose,1
Devan,1,,Charli,17
Devin,4,,Charlie,37
Devlin,3,,Charlie-Anne,1
Devlyn,2,,Charlie-Kate,1
Devon,14,,Charli-Leigh,1
Devrin,1,,Charli-louise,1
Devyn,1,,Charlize,5
Dex,1,,Charlotte,155
Dexter,1,,Charlotte-Ann,1
Dhani,1,,Charlotte-May,1
Dharam,1,,Charlotte-Rose,1
Dhavid,1,,Charly,6
Dhyia,1,,Charmaine,1
Diarmaid,1,,Chase,1
Diarmid,1,,Chelsea,53
Diarmuid,2,,Chelsea-Lee,1
Didier,1,,Chelsea-Louise,1
Diego,1,,Chelsea-Marie,1
Diesel,2,,Chelsey,8
Diesil,1,,Chelsey-Lee,2
Digby,2,,Chelsi,1
Dilan,3,,Chelsie,6
Dilano,1,,Chelsy,5
Dillan,4,,Chen,1
Dillon,15,,Chenai,3
Dilraj,2,,Chenille,1
Dimitri,1,,Cherelle,1
Dinaras,1,,Cherise,1
Dion,1,,Cherith,1
Dissanayake,1,,Cherry,1
Dmitri,1,,Cheyanna,1
Doire,1,,Cheyanne,1
Dolan,1,,Cheyenne,3
Domanic,1,,Chi,2
Domenico,1,,Chiamaka,1
Domhnall,1,,Chiara,5
Dominic,34,,Chidera,1
Dominick,1,,Chidi,1
Dominik,11,,Chioma,2
Donald,16,,Chizaram,1
Donnacha,1,,Chloe,363
Donnie,4,,Chloe-Ann,1
Dorian,2,,Chloe-Anne,1
Dougal,6,,Chloe-Louise,2
Douglas,25,,Choco,1
Dougray,1,,Choire,1
Drakeo,1,,Chrislyn,1
Dre,1,,Chrissie,2
Dregan,1,,Christabel,1
Drew,17,,Christianna,1
Dugald,1,,Christie,7
Duncan,46,,Christin,1
Duriel,1,,Christina,16
Dustin,1,,Christine,4
Dylan,293,,Christy,3
Dylan-Jack,1,,Chrystal,1
Dylan-James,1,,Chymari,1
Dylan-John,2,,Ciara,40
Dylan-Patrick,1,,Cilla,1
Dylin,1,,Cindy,1
Dyllan,1,,Cirah,1
Dyllan-James,1,,Circe,1
Dyllon,2,,Clair,2
Eadie,1,,Claire,16
Eagann,1,,Clara,14
Eamon,5,,Clare,5
Eamonn,2,,Clarisse,1
Eason,1,,Clarizze,1
Eassan,1,,Claudia,14
Easton,2,,Clea,1
Ebow,1,,Clementine,2
Ed,1,,Cleo,4
Eddie,1,,Cleone,1
Eden,1,,Clio,1
Ediomi,1,,Cliodhna,1
Edison,1,,Clodagh,2
Eduardo,1,,Cloe,3
Eduards,1,,Clove,1
Edward,35,,Cobi,1
Edwin,1,,Coco,2
Edwyn,1,,Codi,3
Eesa,2,,Codie,9
Efan,1,,Cody,14
Efe,1,,Coleen,3
Ege,1,,Colette,2
Ehsan,1,,Colleen,3
Ehsen,1,,Collette,2
Eiddon,1,,Concetta,1
Eidhan,1,,Connie,24
Eihli,1,,Constance,9
Eimantas,1,,Cooper,1
Eisa,1,,Cora,5
Eli,4,,Corah,1
Elias,4,,Coral,8
Elijah,8,,Cora-Lee,1
Eliot,2,,Coralie,1
Elisau,1,,Coran,1
Eljay,1,,Corin,2
Eljon,1,,Corinn,1
Elliot,53,,Corinne,8
Elliott,12,,Corrie,4
Ellis,37,,Corrin,3
Ellisandro,1,,Corrina,2
Elshan,1,,Courteney,2
Elvin,1,,Courtney,70
Elyan,1,,Courtneylee,1
Emanuel,1,,Courtny,1
Emerson,1,,Coya,1
Emil,3,,Cra'Amie,1
Emile,1,,Cree,1
Emir,2,,Cristina,2
Emlyn,1,,Cruz,1
Emmanuel,2,,Crystal,5
Emmet,1,,Crystyn,1
Eng,1,,Cuba,1
Eniola,1,,Cully,2
Enis,1,,Cynthia,1
Ennis,1,,Cyra-Lee,1
Enrico,3,,Dacey-Raine,1
Enrique,1,,Dacia,1
Enzo,1,,Daigan,1
Eoghain,1,,Daisy,90
Eoghan,3,,Daisy-Mae,1
Eoin,7,,Dakota,6
Eonan,1,,Dakotah,1
Erdehan,1,,Dallace,1
Eren,1,,Damaris,1
Erencem,1,,Damiana,1
Eric,7,,Damla,2
Ericlee,1,,Dana,9
Erik,3,,Daneesa,1
Eriz,1,,Danelle,1
Ernie-Jacks,1,,Dani,4
Eroni,1,,Dania,1
Eryk,1,,Danica,1
Eshan,1,,Daniela,3
Essa,2,,Daniella,10
Esteban,1,,Danielle,39
Ethan,205,,Danika,2
Etienne,1,,Danikah,1
Etinosa,1,,Danna,1
Euan,160,,Danni,8
Eugene,1,,Dannii,1
Evan,105,,Danni-Jayne,1
Evann,1,,Danni-Lynne,1
Ewan,123,,Danya,1
Ewen,6,,Daphne,2
Ewing,1,,Dara,2
Exodi,1,,Darah,2
Ezekiel,1,,Darby,1
Ezra,1,,Darcey,16
Fabian,3,,Darci,8
Fahad,1,,Darcie,12
Faheem,1,,Darcie-May,1
Faisal,1,,Darcy,29
Faizaan,1,,D'arcy,1
Famara,1,,Daria,5
Fares,2,,Darian,1
Farhaan,1,,Darla,1
Farhan,2,,Darya,1
Farren,1,,Data,1
Farzad,1,,Davina,2
Fauzaan,1,,Dawn,7
Favour,1,,Daylen,1
Fawaz,1,,Dayna,3
Fawkes,1,,Daysi,1
Faysal,2,,Dearbhail,1
Fearghus,1,,Dearbhla,1
Feden,1,,Debbie,1
Felix,17,,Deborah,2
Fergal,3,,Deena,1
Fergie,1,,Deia,1
Fergus,45,,Deimante,2
Ferre,1,,Dela,1
Fezaan,1,,Delaney,1
Fiachra,1,,Delilah,1
Fikret,1,,Della,2
Filip,4,,Demi,44
Filippo,1,,Demie-Lee,1
Finan,1,,Demilee,5
Findlay,49,,Demi-Lee,9
Findlay-James,1,,Demileigh,2
Findlie,1,,Demi-Leigh,7
Finlay,339,,Demi-Louise,2
Finley,16,,Demi-Lynn,2
Finn,86,,Demi-Marie,1
Finnan,2,,Demira,1
Finnean,1,,Demmi,1
Finnen,1,,Denhi,1
Finnlay,5,,Deni,2
Finnley,2,,Denise,1
Fintan,3,,Dennie,1
Fionn,6,,Denon,1
Firaaz,1,,Denver,1
Fletcher,2,,Deonaid,1
Flint,1,,Derri,2
Florin,1,,Derrin,1
Flyn,1,,Derryn,1
Flynn,27,,Derryne,1
Fodeba,1,,Deryn,4
Folarinwa,1,,Destiny,6
Forbes,4,,Devayani,1
Forgan,1,,Devin,3
Forrest,1,,Devon,6
Fox,1,,Devyn,2
Francesco,2,,Dewi,1
Francis,10,,Dhara,1
Francisco,2,,Dharci,1
Franciszek,3,,Dhrishti,1
Franco,1,,Diana,5
Frank,6,,Diane,1
Frankie,8,,Diaz,1
Franklin,1,,Diella,1
Franko,1,,Dilan,2
Fraser,179,,Dillan,1
Frazer,16,,Dillon,1
Fred,2,,Dilly,1
Freddie,17,,Dilsa,1
Frederick,9,,Dilya,1
Fruin,1,,Dilys-Liliana,1
Fyfe,1,,Dineo,1
Fyn,2,,Dion,2
Fynlay,3,,Diona,1
Fynn,3,,Dione,2
Gabriel,40,,Dionne,8
Gallagher,2,,Dior,2
Gareth,3,,Divine,1
Garren,1,,Divine-Grace,1
Garrett,1,,Divinewill,1
Garry,8,,Divya,1
Gary,39,,Diya,3
Gavin,27,,Dobrawa,1
Gavin-Lee,1,,Doha,1
Gene,1,,Dolci,1
Geoff,1,,Dominika,4
Geoffrey,1,,Donna,3
Geomer,1,,Doone,1
Geordan,1,,Dora,1
Geordie,4,,Dorothy,2
George,85,,Drew,6
Georgia,1,,Drue,1
Georgy,1,,Dua,1
Gerard,5,,Duaa,1
Ghyll,1,,Dubhlinn,1
Giacomo,1,,Dulcie,2
Gian,1,,Dylan,1
Giancarlo,1,,Eabha,1
Gianluca,1,,Eaden,1
Gianmarco,1,,Ebeny,1
Gideon,2,,Eboni,1
Gil,2,,Ebony,12
Gio,1,,Ebony-Marie,1
Girijan,1,,Eden,19
Girius,1,,Edie,2
Gjan,1,,Edith,5
Glascott,1,,Edyn,1
Glen,15,,Eeman,1
Glenn,7,,Efanam,1
Gordon,9,,Effie,1
Grady,1,,Eibhlin,2
Graeme,7,,Eiko,1
Graham,13,,Eila,1
Grahame,1,,Eilean,1
Grant,24,,Eileen,1
Grayson,1,,Eiley,1
Greg,20,,Eilidh,200
Gregor,70,,Eilidh-Clare,1
Gregory,1,,Eilish,3
Greig,13,,Eirann,1
Griffin,2,,Eireann,1
Griffyn,1,,Eireyn,1
Grzegorz,2,,Eirian,1
Guang,1,,Eirin,1
Guerin,1,,Eirini,1
Guillaume,1,,Eirinn,1
Gurardass,1,,Eisha,1
Gurdeep,1,,Ekaterina,1
Gursees,1,,Ekhlass,1
Gurthar,1,,Elaf,1
Gurveer,1,,Elaina,2
Gurwinder,1,,Elaine,2
Gus,3,,Elan,1
Gustav,1,,Elana,3
Guthrie,1,,Elanisa,1
Guy,8,,Eleanor,22
Gytis,1,,Elea-rose,1
Habeeb,1,,Elen,1
Hadji,1,,Elena,14
Hadyn,3,,Eleni,1
Hagun,1,,Eleonora,1
Haiden,2,,Elgin,1
Haider,2,,Eliana,4
Hamad,1,,Eliane,1
Hamid,2,,Elice,2
Hamish,55,,Elidh,1
Hamza,1,,Elin,2
Hamzah,1,,Elis,1
Han,1,,Elisa,5
Hansen,1,,Elisabeth,3
Hao,2,,Elisabetta,1
Hareem,1,,Elise,57
Hari,1,,Elish,1
Harikrishna,1,,Elisha,13
Haris,5,,Elisia,1
Harish,1,,Eliska,1
Harjeevan,1,,Elissa,4
Harjyot,1,,Elita,2
Harlee,1,,Elivia,1
Harleigh,1,,Eliyah,1
Harley,25,,Eliza,8
Harman,1,,Elizabeth,66
Harnek,1,,Elizaveta,1
Harold,1,,Elize,1
Haroon,5,,Ella,125
Harper,1,,Ella-Angela,1
Harri,2,,Ellae,1
Harrington,1,,Ella-Grace,2
Harris,87,,Ellah,2
Harrison,65,,Ella-Jane,1
Harry,165,,Ella-Jo,1
Harvey,48,,Ella-Louise,1
Harvie,2,,Ella-Mae,1
Harvinder,1,,Ella-Sophia,1
Hasan,2,,Elle,40
Haseeb,2,,Elleanne,1
Hashem,1,,Ellelouise,1
Hashim,1,,Elle-Louise,2
Hassan,6,,Elle-May,1
Hassanali,1,,Ellen,30
Hately,1,,Ellenor,1
Havila,1,,Elle-Rose,1
Hayden,78,,Elli,6
Haydn,9,,Ellia,1
Haydon,2,,Elliana,1
Haydyn,1,,Ellice,1
Hcen,1,,Ellie,392
Hector,11,,Ellie-Dee,1
Heddle,1,,Ellie-Jo,1
Heidar,1,,Ellie-Lee,1
Heini,1,,Ellie-Louise,1
Hendri,1,,Ellie-Mae,1
Henri,1,,Ellie-May,4
Henry,22,,Elliot,2
Herbert,1,,Ellis,34
Heyden,1,,Ellisa,1
Hiro,1,,Ellise,2
Hirvaansh,1,,Ellisha,1
Hishaam,1,,Ellissa-Mae,1
Hogan,1,,Ellissia,1
Honey,1,,Ellyce,1
Hong,1,,Ellyn,2
Hope,1,,Elodie,3
Hopkin,1,,Elody,1
Hosea,1,,Eloise,11
Howard,1,,Elona,1
Howie,1,,Elora,1
Hristomir,1,,Elouise,1
Hubert,6,,Elsa,10
Hugh,5,,Elsbeth,1
Hugo,13,,Elsi,1
Humza,2,,Elsie,8
Hunter,1,,Elspeth,2
Husnain,1,,Elvi,1
Hussain,4,,Elvita,1
Hussan,1,,Elwyn,1
Hussnain,1,,Elyana,1
Hussnan,1,,Elyce,1
Hyden,1,,Elysa,1
I,1,,Elyse,5
Iagan,1,,Elysia-Grace,1
Iain,33,,Elyssa,2
Ian,27,,Elysse,1
Ibraheem,2,,Emaan,3
Ibrahim,11,,Emaly,1
Idahosa,1,,Eman,1
Idrees,2,,Ember,2
Idris,2,,Emelia,3
Iestyn,2,,Emelie,1
Ieuan,1,,Emelye,1
Igor,5,,Emer,2
Ihtisham,1,,Emi,2
Ijay,1,,Emilia,13
Ikechukwu,1,,Emilie,9
Ikemsinachukwu,1,,Emilie-Jane,1
Ilyaas,1,,Emilija,2
Ilyas,1,,Emillie,2
Iman,1,,Emilly,2
Immanuel,1,,Emily,364
Inan,1,,Emilyann,1
Indy,1,,Emilyjo,1
Ines,1,,Emilylee,1
Innes,30,,Emily-Louise,2
Ioannis,1,,Emma,479
Ireayomide,1,,Emma-Clare,1
Ireoluwa,1,,Emmajane,1
Irvin,3,,Emma-Jayne,1
Irvine,6,,Emma-Louise,11
Isa,4,,Emma-Marie,1
Isaa,1,,Emme,1
Isaac,49,,Emmie,5
Isaiah,2,,Emmi-Leigh,1
Isak,1,,Emmy,2
Isher,1,,Emmylou,1
Ishwar,1,,Emon,1
Isimeli,1,,Emowyn,1
Isira,1,,Eni,1
Ismaeel,1,,Enoghado,1
Ismail,1,,Enrika,1
Israel,1,,Enya,1
Issiaka,1,,Eqlaas,1
Ivan,5,,Erann,1
Ivar,1,,Erica,12
Izaak,1,,Erica-Leigh,1
J,2,,Erika,6
Jaay,1,,Erin,401
Jac,3,,Erina,1
Jace,3,,Erinn,2
Jack,676,,Erinn-Rose,1
Jacki,1,,Eris,1
Jackie,1,,Errin,1
Jack-James,1,,Eryca,1
Jackson,24,,Eryn,14
Jacky,1,,Erynn,2
Jacob,84,,Esha,4
Jacques,2,,Eshaal,1
Jad,1,,Eshal,3
Jaden,11,,Esma,1
Jadon,1,,Esme,19
Jadyn,1,,Esmee,1
Jae,4,,Esme-Fi,1
Jagat,1,,Esme-Kurt,1
Jago,2,,Esmeralda,1
Jaheim,1,,Essie,1
Jahid,1,,Estella,2
Jahy,1,,Estelle,4
Jai,6,,Esther,9
Jaida,1,,Etain,2
Jaiden,9,,Etiene,1
Jaidyn,1,,Eubh,1
Jaii,1,,Eubha,1
Jaime,2,,Euphemia,2
Jai-Rajaram,1,,Eva,199
Jaise,1,,Evalina,1
Jak,12,,Evan,2
Jake,150,,Evangelina,3
Jakey,1,,Evangeline,3
Jakob,3,,Eva-Violet,1
Jaksyn,1,,Eve,140
Jakub,28,,Evelina,1
Jamaal,1,,Eveline,1
Jamal,1,,Evelyn,7
Jameel,1,,Evelyne,1
Jameil,1,,Evelynne,1
James,456,,Evey,1
James-Paul,1,,Evie,109
Jamey,1,,Evie-Louise,1
Jamie,350,,Evonna,1
Jan,9,,Ewa,1
Jaosha,1,,Ezri,1
Jardine,1,,Faatimah-Tuur,1
Jared,6,,Fadile,1
Jarell,1,,Faith,40
Jarl,1,,Faith-Symphony,1
Jarno,1,,Faiza,1
Jarred,3,,Fajar,2
Jarvi,1,,Fajer,1
Jasey-Jay,1,,Falyn,1
Jasim,1,,Fara,1
Jaskaran,2,,Farah,2
Jason,52,,Faria,2
Jasper,5,,Farisya,1
Jaxon,4,,Farrah,4
Jaxson,1,,Farren,1
Jay,155,,Faryn,1
Jaydan,2,,Fasai,1
Jayden,144,,Fatama,1
Jayden-James,1,,Fathema,1
Jayden-Lee,1,,Fathima,1
Jayden-Paul,1,,Fathma,1
Jayden-Thomas,1,,Fatiha,1
Jaydn,3,,Fatima,8
Jaydon,3,,Fatimah,2
Jaydyn,1,,Fatou,2
Jayhan,1,,Fauve,1
Jay-Jay,1,,Fay,1
Jayke,1,,Faye,22
Jaymie,1,,Fearn,1
Jayse,1,,Fearne,5
Jayson,9,,Fedora,1
Jaz,1,,Felicia,2
Jazeb,1,,Felicity,6
Jazib,1,,Felix,1
Jazz,1,,Fendi,1
Jean,1,,Fenella,1
Jean-Lewis,1,,Fenn,1
Jean-Pierre,1,,Fern,16
Jebadiah,1,,Ferne,2
Jed,10,,Ffion,3
Jedd,1,,Fia,2
Jedidiah,1,,Fion,1
Jeemie,1,,Fiona,16
Jeevan,2,,Fionnah,1
Jeffrey,1,,Fiza,2
Jensen,1,,Fizzah,1
Jenson,6,,Fleur,1
Jensyn,1,,Flora,7
Jeremy,2,,Florence,4
Jerome,2,,Flyn,1
Jeronimo,1,,Foosiya,1
Jerrick,1,,Frances,3
Jerry,1,,Francesca,21
Jesse,3,,Francisca,1
Jesuseun,1,,Frankie,9
Jeswin,1,,Fraya,6
Jevan,1,,Freia,1
Jeyun,1,,Freja,5
Jez,1,,Freya,179
Jia,4,,Freya-Jessica,1
Jian,2,,Freyja,8
Jiao,1,,Gabby,1
Jimmy,1,,Gabriela,7
Jincheng,1,,Gabriele,1
JJ,1,,Gabriella,27
Joaquin,1,,Gabrielle,31
Joash,1,,Gael,1
Jock,1,,Gaia,1
Jody,1,,Galilee,1
Joe,59,,Garoa,1
Joeddy,1,,Geena,1
Joel,32,,Gemima,1
Joey,6,,Gemma,61
Joey-Jack,1,,Gemmalea,1
Johann,1,,Genevieve,2
Johannes,4,,Georgi,3
Johansson,1,,Georgia,80
John,193,,Georgie,12
Johnathan,4,,Georgie-Brooke,1
Johndean,1,,Georgina,14
Johnjay,1,,Georgina-Anne,1
John-Michael,1,,Geraldine,1
Johnnie,4,,Ghalya,1
Johnny,2,,Giada,1
Johnpaul,1,,Giane,1
John-Paul,7,,Gigha,1
John-Scott,1,,Gillian,1
Johnson,1,,Gioia,1
Jole,1,,Giselle,1
Jomuel,1,,Giuliana,1
Jon,8,,Giyia,1
Jonah,5,,Glydel,1
Jonatan,1,,Gomana,1
Jonathan,59,,Grace,279
Jonathon,6,,Gracealexandra,1
Jonny,2,,Gracie,44
Jonothan,1,,Gracie-Lee,1
Jon-Paul,1,,Gracielynn,1
Jonson,1,,Gracie-Sue,1
Joojo,1,,Graidi,1
Jordan,41,,Grainne,1
Jordi,1,,Greer,1
Jordon,1,,Greta,6
Jordy,1,,Gretchen,1
Jordyn,1,,Guinevere,1
Jorge,1,,Gwen,2
Joris,1,,Gwendolyn,1
Jorryn,1,,Haadiyah,1
Josan,1,,Haajirah,1
Josef,3,,Hadasah,1
Joseph,133,,Hadeel,3
Josese,1,,Hadia,1
Josh,182,,Hadiqa,1
Joshiah,1,,Hadiyah,2
Joshua,239,,Hadjar,1
Josiah,2,,Hadyn,1
Joss,5,,Hafiza,1
Jostelle,1,,Hafsa,5
Joynul,1,,Hafsah,3
Juan,3,,Hafswa,1
Jubin,1,,Haghdann,1
Judah,1,,Haidyn,1
Jude,39,,Hailey,2
Jules,2,,Hailie,2
Julian,5,,Haillie,1
Julien,1,,Hajirah,1
Jun,2,,Hajjrah,1
Junior,13,,Hajra,1
Jura,1,,Hajrah,1
Justan,1,,Hala,1
Justin,17,,Haleema,2
Justinas,1,,Haley,1
Kaan,1,,Halina,1
Kabeer,1,,Halle,11
Kabir,2,,Halley,1
Kacey,1,,Hallie,3
Kacper,20,,Halyda,1
Kade,9,,Hamani,1
Kaden,12,,Hamna,2
Kadin,1,,Hana,11
Kadyn,4,,Hanania,1
Kaeden,1,,Haneeah,1
Kael,2,,Haneen,1
Kaelan,2,,Hania,1
Kaelin,2,,Hanim,1
Kaelum,1,,Haniya,1
Kai,156,,Haniyah,1
Kaid,1,,Hanna,12
Kaidan,2,,Hannah,346
Kaiden,38,,Hannah-Louise,2
Kaidinn,1,,Hanya,1
Kaidyn,2,,Happy,1
Kaileb,1,,Hareem,1
Kailin,1,,Hariot,1
Kain,4,,Harleen,2
Kaine,3,,Harley,7
Kainin,1,,Harlie,1
Kainui,1,,Harneet,1
Kairn,2,,Harnisha,1
Kaison,1,,Harper,1
Kaiwen,1,,Harriet,15
Kajally,1,,Harriette,1
Kajetan,1,,Hasini,1
Kalani,1,,Hattie,1
Kale,1,,Havin,1
Kaleb,7,,Hawaa,1
Kaleem,1,,Hayden,1
Kal-el,2,,Haydn,2
Kalen,1,,Haydyn,1
Kalin,3,,Hayla,1
Kallan,1,,Hayleigh,5
Kallin,2,,Hayley,57
Kalum,1,,Hayley-Jane,1
Kalvin,9,,Haylie,3
Kalvyn,1,,Hazel,19
Kameron,3,,Heather,54
Kames,1,,Heather-Anne,1
Kamil,5,,Heaven-Leigh,1
Kamran,1,,Hebe,1
Kamron,1,,Heidi,31
Kane,14,,Helen,15
Karam,3,,Helena,7
Karamvir,1,,Helia,1
Karandeep,1,,Hema,1
Kareem,2,,Hena,1
Karim,1,,Hiba,2
Karimas,1,,Hibah,1
Karl,3,,Hibatullah,1
Karol,3,,Hijab,1
Karson,2,,Hillary,1
Karsyn,1,,Himani,1
Karthikeya,1,,Hind,1
Kasey,2,,Hira,1
Kash,2,,Hollee,1
Kashif,1,,Holli,8
Kasim,2,,Hollie,46
Kasper,2,,Holli-Mae,1
Kasra,1,,Holly,168
Kavin,1,,Hollyanne,1
Kayam,1,,Hollye,1
Kaydan,3,,Hollymay,1
Kayden,42,,Honey,11
Kaydin,1,,Honeyjac,1
Kaydn,1,,Honey-Rose,1
Kaydyn,1,,Hong,1
Kaydyne,1,,Honie,1
Kayleb,1,,Honor,5
Kaylem,1,,Honour,1
Kaylum,1,,Hope,34
Kayne,3,,Hope-Sonrisa,1
Kaywan,1,,Huda,2
Kealan,2,,Hui,1
Kealon,1,,Human,1
Kean,1,,Humayra,1
Keane,2,,Iana,1
Kearney,1,,Ice,1
Keatin,1,,Ida,2
Keaton,2,,Idun,1
Keavan,1,,Ifrah,1
Keayn,1,,Ifunanya,1
Kedrick,1,,Iiona,1
Keegan,7,,Iliana,2
Keelan,6,,Ilona,2
Keelin,1,,Ilsa,1
Keeman,1,,Ilysa,1
Keenan,5,,Imaan,6
Keenan-Lee,1,,Imama,1
Keeton,1,,Iman,7
Kehinde,1,,Imani,1
Keigan,8,,Imman,2
Keilan,1,,Imogem,1
Keir,32,,Imogen,56
Keiran,37,,Ina,1
Keiren,1,,Inaara,1
Keiron,4,,Inaaya,3
Keiryn,1,,Inara,2
Keison,1,,Inayah,1
Keith,2,,Indi,1
Keivlin,1,,India,6
Kelam,1,,India-Leoni,1
Kelan,2,,Indiana,2
Kellan,1,,Indie,1
Kellen,1,,Indy,2
Kelso,1,,Inemesit,1
Kelum,1,,Ines,3
Kelvan,1,,Inez,2
Kelvin,14,,Inga,3
Ken,2,,Ingrid,4
Kenan,1,,Inika,1
Kendall,1,,Iniobong,1
Kendyn,1,,Inka,1
Kenlin,1,,Innes,2
Kenneth,8,,Innis,1
Kensey,1,,Insiya,1
Kenton,1,,Ioanna,1
Kenyon,2,,Iola,1
Kenzeigh,1,,Iona,134
Kenzi,1,,Iqra,5
Kenzie,77,,Irem,1
Kenzo,1,,Irene,2
Kenzy,1,,Irfa,1
Keo,1,,Iria,1
Ker,1,,Iris,13
Kern,1,,Irmak,1
Kerr,42,,Irza,1
Kevan,2,,Isabel,7
Kevin,39,,Isabela,1
Kevyn,1,,Isabell,1
Kez,1,,Isabella,45
Khai,3,,Isabelle,9
Khalan,2,,Isadora,1
Khaleel,1,,Iseabel,1
Khaya,1,,Isha,7
Khevien,1,,Ishaal,1
Khizar,1,,Ishbel,6
Khizer,1,,Ishwari,1
Kia,1,,Isla,232
Kian,65,,Islah,1
Kian-James,1,,Isla-Louise,1
Kiaran,2,,Islay,4
Kiarash,1,,Isma,1
Kie,1,,Isobel,28
Kiefer,2,,Isobella,3
Kiegan,1,,Israa,1
Kienan,1,,Ivana,2
Kier,3,,Ivory,1
Kieran,180,,Ivy,3
Kieran-Scott,1,,Iyanuoluwa,1
Kieren,4,,Izabel,1
Kierin,1,,Izabella,4
Kiern,1,,Izzah,1
Kieron,5,,Jabin,1
Kieryn,1,,Jacqueline,1
Kile,1,,Jacqui,1
Killian,1,,Jada,1
Kimi,1,,Jade,20
Kingston,1,,Jaden,3
Kinneil,1,,Jadyn-Jo,1
Kinnon,1,,Jaeden,1
Kinsey,1,,Jael,1
Kiran,2,,Jaelee,1
Kirk,5,,Jae-Li,1
Kirwin,1,,Jaelyn,1
Kit,1,,Jagoda,2
Kiya,1,,Jai,1
Kiyonari,1,,Jaia,1
Kjae,1,,Jaidyn,1
Klein,1,,Jaiha,1
Klevis,1,,Jaime,7
Kobe,4,,Jaimee,1
Kobi,3,,Jaimee-lee,1
Koby,3,,Jaimee-Leigh,1
Koddi,1,,Jaimie,4
Koden,1,,Jaina,1
Kodi,3,,Jamee,1
Kodie,1,,Jamie,17
Kody,8,,Jamielee,1
Kofi,1,,Jamie-Lee,11
Kogan,1,,Jamieleigh,4
Kohen,1,,Jamie-Leigh,9
Kole,4,,Jami-Lee,1
Konan,1,,Jana,2
Konar,1,,Janae,1
Konnor,3,,Janani,1
Konrad,3,,Jane,8
Koray,2,,Janel,1
Korben,1,,Janelle,1
Korbyn,1,,Janet,2
Korey,3,,Janette,1
Kori,3,,Janey,1
Korrin,1,,Janie,1
Kory,2,,Janna,1
Koushik,1,,Jannah,1
Kris,17,,Jannat,2
Krish,3,,Japjeet,1
Krishan,2,,Japleen,1
Kriss,3,,Jaslyn,1
Kristian,3,,Jasmin,6
Kristin,1,,Jasmina,1
Kristofer,4,,Jasmine,63
Kristoffer,2,,Jasmin-Sophie,1
Kristopher,5,,Jasmyn,2
Kruz,2,,Jasveer,1
Krzysiek,1,,Jay,1
Krzysztof,3,,Jaya,2
Ksawery,1,,Jayda,2
Ksawier,1,,Jayde,2
Kuba,4,,Jayden,7
Kurt,4,,Jayden-Maree,1
Kurtis,4,,Jaye,2
Kurtis-Jae,1,,Jaying,1
Kyaan,1,,Jayla,1
Kyan,2,,Jaymai-Leigh,1
Kyde,1,,Jayme,1
Kyden,1,,Jaymee-Lyn,1
Kye,9,,Jaymi,1
Kyel,1,,Jaymie,2
Kyhran,1,,Jaymie-Leigh,1
Kyie,1,,Jazmin,1
Kylan,1,,Jazmine,1
Kylar,1,,Jazz,1
Kyle,350,,Jean,2
Kyle-Derek,1,,Jeanie,1
Kylian,2,,Jeanie-May,1
Kym,1,,Jeanna,1
Kynan,1,,Jeannie,1
Kyral,1,,Jem,1
Kyran,35,,Jema,1
Kyren,1,,Jemima,4
Kyrillos,1,,Jemma,20
Kyro,1,,Jemmia,1
Kyron,2,,Jena,4
Kyrran,1,,Jenah,1
Lachlainn,1,,Jeni,1
Lachlan,40,,Jenifer,1
Lachlann,3,,Jenna,98
Lael,1,,Jennah,2
Lagan,1,,Jenna-Leigh,1
Laird,1,,Jenni,2
Laison,1,,Jennie,1
Lakshya,2,,Jennifer,70
Lance,1,,Jenny,5
Lancelot,1,,Jensen,1
Landon,1,,Jensine,1
Lang,1,,Jersey,2
Lasse,1,,Jesi-Lilas,1
Latif,1,,Jess,4
Lauchlan,4,,Jessamea,1
Lauchlin,2,,Jessamy,1
Laughlan,3,,Jesse,1
Lauren,1,,Jessica,296
Laurence,7,,Jessica-Jane,1
Laurie,4,,Jessica-Lee,1
Lawlyn,1,,Jessica-Leigh,1
Lawrence,4,,Jessie,9
Lawrie,2,,Jessna,1
Lawson,8,,Jesutobiloba,1
Layne,1,,Jewel,2
Layton,18,,Jeya,1
Lee,86,,Jia,5
Leigh,1,,Jiayi,1
Leigham,1,,Jill,1
Leighton,12,,Jillian,1
Leilan,1,,Jillianne,1
Leiten,1,,Jing,1
Leithen,1,,Jing-Jing,1
Leland,16,,Jingyi,1
Lenin,2,,Jiorrja,1
Lennan,1,,Jo,5
Lennen,1,,Joan,1
Lennex,1,,Joanna,16
Lennon,86,,Joanne,8
Lennox,16,,Joanne-Rose,1
Lenny,1,,Jocelyn,2
Leno,1,,Jodi,10
Lenon,1,,Jodie,35
Lenyn,1,,Jodi-Marie,1
Leo,105,,Jody,3
Leon,97,,Joelle,1
Leonard,4,,Joely,2
Leonardas,1,,Johanna,2
Leonardo,3,,Jolie,1
Lepeng,1,,Jomana,1
Leroy,2,,Jools,1
Leven,1,,Jordan,4
Levi,21,,Jordanna,2
Levon,1,,Jordanne,1
Levy,1,,Jordin,1
Lewie,1,,Jorgie,3
Lewin,1,,Jorja,31
Lewis,687,,Jorji,1
Lex,1,,Jorjia,1
Leydon,1,,Josephina,1
Leyland,2,,Josephine,9
Leylann,1,,Josi,1
Leyton,4,,Josie,7
Liall,1,,Joude,1
Liam,375,,Joy,5
Liam-Stephen,1,,Joyce,1
Limo,1,,Juanita,1
Lincoln,6,,Jude,1
Lincoln-John,1,,Jude-Lauren,1
Lincon,1,,Judith,1
Linden,1,,Jules,1
Linton,1,,Julia,52
Lionel,1,,Juliana,2
Lisandro,1,,Julie,12
Litrell,1,,Julie-Ann,1
Liyonela-Elam,1,,Julieanne,1
LLeyton,3,,Juliet,7
Lliam,1,,Julietta,1
Lloyd,11,,Juliette,3
Lloyde,1,,Julita,1
Loche,1,,Jumaimah,1
Lochlan,14,,Juniper,1
Lochlann,6,,Justine,1
Lochlan-Oliver,1,,Justyna,1
Lock,1,,Juwairiyah,1
Lockey,1,,Ka,1
Logan,346,,Kacee,1
Logann,1,,Kacey,35
Logan-Rhys,1,,Kacey-Jai,1
Loghan,1,,Kacey-Jane,1
Lokesh,1,,Kaceylee,1
Loki,1,,Kacey-Lee,1
Lomond,1,,Kacey-Leigh,1
Lorcan,2,,Kaci,22
Lorenz,2,,Kacie,13
Lorenzo,2,,Kaci-Lee,1
Lorne,1,,Kaci-Leigh,3
Loudon,1,,Kaci-Marie,1
Loui,3,,Kacy,1
Louie,16,,Kaden,2
Louis,73,,Kadey,3
Loukas,2,,Kadi,2
Lovell,1,,Kadie,12
Luc,5,,Kadie-Leigh,1
Luca,69,,Kady,9
Lucais,1,,Kadyleigh,1
Lucas,147,,Kaedyn,1
Lucca,4,,Kaela,5
Lucian,1,,Kaelah,4
Luciano,1,,Kaela-Kaliza,1
Lucien,1,,Kaelan,2
Lucus,1,,Kaeli,1
Luic,1,,Kaelin,1
Luis,8,,Kaelyn,2
Luk,1,,Kaelynn,1
Luka,7,,Kahlan,1
Lukas,12,,Kahlea,1
Lukasz,1,,Kahlen,1
Luke,221,,Kahlia,1
Lukmaan,1,,Kahlya,1
Luqman,2,,Kai,3
Lyall,10,,Kaia,1
Lyle,13,,Kaidan,1
Lyndsay,1,,Kaiden,1
Lysander,1,,Kaidenn,1
Maanav,1,,Kaidey,2
Maaz,1,,Kaidi,1
Mac,3,,Kaidy,1
Macallum,1,,Kaie-Lee,1
Macaulay,4,,Kaila,9
Macauley,2,,Kailas,1
Macaully,1,,Kaileigh,2
Machlan,1,,Kaily,1
Maciej,5,,Kailyn,3
Mack,1,,Kainaat,1
Mackenzie,57,,Kaira,1
Mackenzy,1,,Kaisha,1
Mackie,1,,Kaitlan,1
Macsen,2,,Kaitlin,18
Macy,1,,Kaitlin-Sarah,1
Madaki,1,,Kaitlyn,66
Maddison,2,,Kaitlynn,2
Maddox,2,,Kaiya,4
Madison,1,,Kaleah,1
Madison-Jake,1,,Kaleena,1
Madox,1,,Kaleigh,1
Mael,1,,Kalena,1
Magnus,17,,Kaley,3
Mahan,1,,Kali,6
Mahdi,1,,Kalia,1
Mahmoud,2,,Kalie,1
Maias,1,,Kali-Leigh,1
Maison,1,,Kali-Louise,1
Maisum,1,,Kalise,1
Maitlind,1,,Kallan,2
Majid,1,,Kallen,1
Makensie,1,,Kalli,1
Makenzie,5,,Kallie,5
Makin,1,,Kalyana,1
Maksim,1,,Kamaljit,1
Maksymilian,5,,Kamela,1
Malachai,1,,Kamila,3
Malachi,6,,Kamilah,1
Malachy,4,,Kamilia,1
Malakai,1,,Kamryn,5
Malakhy,1,,Kamsiyochi,1
Malcolm,5,,Kandel,1
Malik,3,,Kandi,1
Malikye,2,,Kandice,1
Malo,1,,Kandy-Sheree,1
Ma'moon,1,,Kara,59
Manas,2,,Karaleigh,1
Maneet,1,,Kara-Leigh,1
Manmohan,1,,Karali,1
Manolo,1,,Kara-Louise,1
Manson,1,,Kara-Mae,1
Mantej,1,,Kara-May,1
Manuel,1,,Kararose,1
Manus,2,,Kareena,1
Marc,28,,Karen,5
Marc-Anthony,1,,Karhys,1
Marcel,4,,Kari,3
Marcello,1,,Karice,1
Marcin,1,,Karima,1
Marco,11,,Karina,8
Marcos,3,,Karine,1
Marcous,1,,Karis,17
Marcquis,1,,Karishma,1
Marcus,58,,Kariss,1
Mario,3,,Karissa,2
Marios,2,,Karla,11
Marius,1,,Karleigh,1
Mark,80,,Karley,1
Marko,1,,Karli,3
Markus,3,,Karlie,3
Marley,8,,Karly,10
Marlin,1,,Karmen,1
Marlon,1,,Karmyn,1
Maros,1,,Karn,1
Marshall,4,,Karolina,3
Martin,28,,Karrah,1
Marty,1,,Karris,1
Martyn,4,,Karyn,1
Marvellous,1,,Karys,7
Marvin,1,,Karyss,1
Marwan,2,,Kasandra,1
Maryk,1,,Kasey,22
Marzuq,1,,Kasey-Lee,2
Mashhood,1,,Kasey-Leigh,1
Mason,72,,Kasha,1
Mason-Jay,1,,Kashish,1
Masood,1,,Kashuf,1
Masson,1,,Kasi,1
Matas,1,,Kasja,1
Matej,1,,Kaska,1
Mateusz,6,,Kassey,1
Mathew,16,,Kassia,1
Mathias,1,,Kassidy,1
Mathu,1,,Kassie,1
Mathuyan,1,,Katalin-Bay,1
Mati,1,,Katarina,1
Matt,6,,Katarzyna,1
Matteo,6,,Kate,49
Matthew,350,,Katelin,3
Matthew-William,1,,Katelyn,24
Matthias,3,,Katelyne,1
Max,132,,Katelynn,1
Maxim,2,,Katerina,2
Maximilian,8,,Katey,1
Maximillian,1,,Katharine,5
Maximus,6,,Katherine,41
Maxwell,19,,Kathleen,7
Maxx,1,,Kathrina,1
Mayeul,1,,Kathryn,15
Mayson,1,,Kati,1
Mazin,1,,Katia,1
Mcbride,1,,Katie,410
McCaulley,1,,Katie-Ann,1
McKade,1,,Katie-Anne,2
McKauley,1,,Katie-Jo,1
McKay,1,,Katie-Lee,1
McKenzie,26,,Katie-Leigh,1
McLay,1,,Katie-Louise,1
Meftah,1,,Katie-Marie,2
Mehmet,2,,Kati-Marie,1
Mehraz,1,,Katlyn,1
Meko,1,,Katlyn-Louise,1
Melville,1,,Katrianne,1
Meshach,1,,Katrin,1
Meyzhward,1,,Katrina,8
Micah,5,,Katriona,3
Michael,197,,Katso,1
Michael-Alexander,1,,Katy,37
Michael-James,1,,Katya,3
Michal,5,,Katylee,1
Michat,1,,Katy-Leigh,1
Micheal,3,,Kavita,1
Michee,1,,Kay,3
Mickey,1,,Kaya,3
Miguel,1,,Kayah,2
Mika,2,,Kaycee,2
Mikael,1,,Kayci,4
Mi'kael,1,,Kaycie,2
Mikee,2,,Kayda,1
Mikey,27,,Kaydane,1
Mikhail,1,,Kayde,1
Mikolaj,4,,Kaydee,3
Miles,6,,Kayden,6
Millar,7,,Kaydence,6
Miller,12,,Kaydi,2
Milo,14,,Kaydie,3
Milos,2,,Kaydn,1
Milosz,5,,Kaye,1
Mir,1,,Kayla,145
Mirza,1,,Kayla-Anne,1
Mitch,2,,Kaylah,8
Mitchel,4,,Kaylah-Rose,1
Mitchell,37,,Kayla-Jayne,1
Moad,1,,Kayla-Mia,1
Moayd,1,,Kaylan,2
Mobeen,1,,Kayla-Skye,1
Modoulamin,1,,Kaylea,1
Modu,1,,Kaylee,8
Mohamad,1,,Kayleigh,93
Mohamed,8,,Kayleigh-Ann,1
Mohammad,35,,Kayleigh-Jane,1
Mohammad-Bilal,1,,Kayleigh-Jayne,1
Mohammed,70,,Kayleigh-Jeanne,1
Mohanad,1,,Kayleigh-Rose,1
Mohd,1,,Kaylen,1
Momin,1,,Kayley,14
Momooreoluwa,1,,Kaylie,3
Montague,1,,Kayliegh,2
Montgomery,2,,Kaylin,3
Monty,4,,Kaylyn,4
Moore,1,,Kaylynn,1
Moosa,1,,Kaysey,3
Moray,6,,Kaysha,1
Morgan,25,,Kaysie,1
Morgyn,1,,Kaytie,1
Morris,1,,Kaytlyne,1
Morton,1,,Kdi,1
Moshy,1,,Kealcy,1
Motade,1,,Kea-Lynn,1
Moyes,1,,Keana,1
Msughter,1,,Keanna,2
Mueez,1,,Keara-Leigh,1
Muhamadjavad,1,,Keela,1
Muhammad,54,,Keeley,18
Muhammed,10,,Keely,2
Muhsin,2,,Keely-Jo,1
Muir,1,,Keemaya,1
Munachi,1,,Keera,5
Muneeb,1,,Keerah,1
Mungo,4,,Keetza,1
Munir,1,,Keeva,6
Munmair,1,,Keeyra,1
Munro,3,,Keianna-Leigh,1
Murdo,7,,Keiara,1
Murray,91,,Keilee,1
Murrough,1,,Keilidh,1
Murry,1,,Keira,172
Musa,1,,Keira-Louise,1
Musse,1,,Keirna,1
Mustafa,5,,Keirra,1
Mustapha,1,,Keirra-Dawn,1
Muzammil,1,,Keisha,2
Muzzammil,1,,Keiva,1
Mykie,1,,Kelci,3
Myles,15,,Keleigh,1
Mylo,1,,Kelice,1
Nabeel,1,,Kelis,2
Nadeem,1,,Kelise,1
Nader,1,,Kelisse,2
Nagib,1,,Kellen,1
Naif,1,,Kellsey,1
Nairn,11,,Kellsie,1
Narvic,1,,Kelly,12
Nash,1,,Kellyanne,1
Nasser,1,,Kelly-Anne,1
Nassir,1,,Kelsay,1
Natan,2,,Kelsey,57
Nate,2,,Kelsey-Jo,1
Nathan,219,,Kelsey-Lee,1
Nathanael,1,,Kelsey-Leigh,1
Nathanial,1,,Kelsi,4
Nathaniel,21,,Kelsie,28
Nathan-Rae,1,,Kelsiee,1
Nawfal,1,,Kelsie-Leigh,2
Nayan,1,,Kelsie-Louise,1
Neco,1,,Kemi,1
Neil,21,,Kenadie,5
Nelson,1,,Kendal,3
Neo,3,,Kendall,2
Neshawn,1,,Kendra,7
Nevan,2,,Kendyl,1
Nevin,1,,Kendyll,1
Ngonidzashe,2,,Kenna,2
Nial,1,,Kennedi,3
Niall,18,,Kennedy,6
Nicholas,35,,Kenza,1
Nick,1,,Kenzi,5
Nickhill,1,,Kenzie,24
Nicki,2,,Kenzie-lee,1
Nickson,1,,Kenzie-Leigh,3
Nicky,3,,Kenzii,1
Nico,9,,Kenzi-Lea,1
Nicodemus,1,,Kenzy,1
Nicol,4,,Keonah-Jade,1
Nicolae,1,,Kera,1
Nicolas,4,,Keren,2
Nidhish,1,,Keri,7
Nihaal,1,,Keris,7
Nihal,1,,Kerri,9
Nikash,1,,Kerriannah,1
Nikhil,1,,Kerrie,5
Niki,1,,Kerrieann,1
Nikita,4,,Kerrigan,1
Nikodem,3,,Kerrin,2
Nikolai,1,,Kerrin-Martha,1
Nikos,1,,Kerris,5
Nilav,1,,Kerry,22
Niraj,1,,Kerryanne,3
Niro,1,,Kerry-Louise,1
Niven,4,,Kerryn,1
Noah,65,,Keryis,1
Noel,1,,Keryn,2
Nolan,1,,Kerys,4
Noor,1,,Kesia,1
Norman,1,,Ketsia,1
Norrie,1,,Kevaugh,1
Nuada,1,,Keyra,1
Nyah,1,,Keziah,2
Oakley,1,,Khadija,1
Oban,1,,Khadijah,3
Obieluem,1,,Khaela,1
Obosa,1,,Khaia,1
Odhran,2,,Khairah,2
Odin,1,,Khajusta,1
Odynn,1,,Khalida,1
Ogheneochuko,1,,Khansa,1
Ogheneruno,1,,Kharli,1
Ohran,1,,Khaya,2
Oilibhear,1,,Khayla,1
Oisin,6,,Kheanna,1
Ojima-Ojo,1,,Khelis,1
Okeoghene,1,,Khenzi-Crie,1
Olaf,1,,Kherys,1
Ola-Oluwa,1,,Khiana-Lee,1
Olaoluwapolorimi,1,,Khyla,1
Ole,2,,Khyralee,1
Olie,1,,Kia,5
Oliver,172,,Kiah,1
Olivier,6,,Kiana,2
Oliwier,3,,Kianna,2
Ollie,12,,Kiara,12
Olurotimi,1,,Ki'ara,1
Oluwadamilare,1,,Kiara-Angel,1
Oluwadamiloju,1,,Kiara-nikolle,1
Oluwafemi,1,,Kiarra,1
Oluwafikunayomi,1,,Kiarrah,1
Oluwalayomi,1,,Kiaya,4
Oluwatobiloba,1,,Kieara,3
Oluwatoni,1,,Kiera,47
Omar,5,,Kiera-Lee,1
Omri,1,,Kiera-Louise,2
Oran,7,,Kiera-Mickela,1
Orin,2,,Kieva,2
Orlando,1,,Kieya,1
Orley,1,,Kihanna,1
Orran,1,,Kilah-Rose,1
Orrick,1,,Kim,2
Orrin,3,,Kimberleigh,1
Orson,2,,Kimberley,14
Oryn,1,,Kimberly,6
Oscar,51,,Kimi,1
Osesenagha,1,,Kimmie,1
Oskar,10,,Kinga,2
Ossian,2,,Kingsley,1
Oswald,1,,Kinsey,1
Otto,1,,Kinza,2
Owain,1,,Kira,14
Owais,1,,Kiran,2
Owen,165,,Kiranpreet,1
Owyn,1,,Kiri,2
Oz,1,,Kirie,1
Ozzy,1,,Kirsteen,2
Pablo,2,,Kirsten,36
Pacey,1,,Kirstie,9
Padraig,2,,Kirstin,7
Paolo,1,,Kirsty,55
Pardeepraj,1,,Kirstyn,3
Parkash,1,,Kisha,1
Parker,3,,Kitana,1
Pascoe,1,,Kitty,1
Pasquale,1,,Kiyaleigh,1
Patrick,47,,Kiyara,1
Patrick-John,1,,Kizhi,1
Patrikas,1,,Kizzy,2
Patryk,8,,Klara,1
Paul,64,,Klaudia,7
Pavit,1,,Kloe,2
Pawel,2,,Kodey,1
Pawlo,1,,Kodi,4
Pearce,2,,Kodie,5
Pearse,1,,Komal,1
Pearsen,1,,Koni,1
Pedram,1,,Konnie,1
Pedro,1,,Konstancja,1
Peirce,2,,Koral,1
Peiyan,1,,Kori,5
Pele,1,,Kornelia,1
Peni,1,,Kornelija,1
Peregrine,1,,Krista,1
Peter,50,,Kristal,1
Phani,1,,Kristen,4
Philip,8,,Kristie,3
Philippos,1,,Kristin,4
Phinehas,1,,Kristina,1
Phoenix,4,,Kruz,1
Phoevos,1,,Krystal,6
Pierce,1,,Krystyna,1
Pierre-Antoine,1,,Kuzivakwashe,1
Pieter,1,,Kya,3
Pietro,1,,Kyalah,1
Piotr,6,,Kyesha,1
Porter,1,,Kyla,31
Prabhjoit,1,,Kyla-Grace,1
Prabodhan,1,,Kylah,3
Praise,1,,Kyleena,1
Pranav,2,,Kylen,1
Pravin,1,,Kyler,3
Precious,1,,Kylie,1
Prentice,1,,Kym,2
Presley,3,,Kyna,1
Preston,7,,Kyra,15
Preston-Jay,1,,Kyrah,1
Prinay,1,,Laaibah,3
Prince,2,,Labhaoise,1
Prithvi,1,,Lacci,1
Promise,1,,Lacey,29
Puneetpaul,1,,Laci,2
Pushkar,1,,Lacie,2
Qasim,2,,Lacy,2
Qirui,1,,Laia,2
Quinlan,3,,Laiba,5
Quinn,6,,Laibah,3
Radmiras,1,,Laila,14
Raees,1,,Laina,2
Raegan,3,,Laiyah,1
Rafael,2,,Lana,29
Rafal,2,,Lanah,1
Rafferty,1,,Lanakai,1
Rafi,1,,Lani,1
Raheem,1,,Lanna,4
Rahil,1,,Laoise,1
Rahim,2,,Lara,47
Rahman,1,,Lara-Jean,1
Raith,1,,Laranya,1
Raithin,1,,Larissa,3
Raja,5,,Larkin,1
Rajab-Ali,1,,Larosa,1
Rajan,1,,Laticha,1
Ralfs,1,,Latifa,1
Ralph,2,,Latisha,1
Ramanas,1,,Latoya,1
Ramit,1,,Launi,1
Ramone,1,,Laura,61
Ramsay,10,,Laura-Anne,1
Ramsey,1,,Laurabeth,1
Rana,1,,Laurajane,1
Ranolph,1,,Laura-Jane,1
Raphael,1,,Laura-Ruby,1
Rasmus,1,,Lauree-ann,1
Rasul,1,,Laurel,3
Raul,2,,Lauren,180
Raunaq,1,,Lauri,1
Ravin,1,,Laurianne,1
Ray,5,,Laurie,4
Rayaan,3,,Lauryn,14
Rayan,5,,Lavena,1
Rayane,1,,Lavinia,1
Rayden,1,,Laya,2
Rayhan,3,,Layaan,1
Raymond,6,,Layah,2
Rayne,1,,Layan,1
Rayyan,5,,Layla,53
Raza,1,,Layney,1
Reace,1,,Lea,6
Reagan,6,,Leah,169
Reean,1,,Lea-Jane,1
Reece,137,,Leanna,3
Reed,1,,Leanna-Jade,1
Reegan,2,,Leanne,4
Rees,1,,Leaya,1
Reese,3,,Leea,1
Reeve,1,,Leeah,1
Regan,3,,Leechan,1
Regean,1,,Leela,1
Reggie,2,,Leen,1
Rehaan,2,,Leena,2
Rehan,5,,Leeona,1
Reice,1,,Leetisha,1
Reid,2,,Leevi,1
Reigan,1,,Leia,11
Reilly,5,,Leigh,18
Reily,1,,Leigha,10
Reis,1,,Leighann,1
Reiss,10,,Leighanna,1
Remigiusz,1,,Leigh-Anna,1
Remo,1,,Leila,11
Remy,1,,Leilah,1
Ren,1,,Leilan,1
Renars,1,,Leilani,1
Reng,1,,Lekiesha,1
Rennie,1,,Lena,3
Reno,1,,Lene,1
Reo,2,,Leni,3
Reuben,30,,Lennix,1
Rexford,1,,Lenzy,1
Reynold,1,,Leona,45
Rhein,1,,Leonah,2
Rheo,1,,Leone,1
Rhett,1,,Leoni,5
Rheyden,1,,Leonie,3
Rhian,2,,Letitia,1
Rhoan,1,,Letizia,1
Rholmark,1,,Lettice,1
Rhoridh,1,,Levi,3
Rhuairidh,1,,Lexi,24
Rhuan,1,,Lexie,27
Rhuaridh,1,,Lexine,1
Rhudi,2,,Lexis,1
Rhy,1,,Lexy,1
Rhyan,1,,Leya,1
Rhyley,1,,Leyia,1
Rhyon,1,,Leyla,3
Rhys,168,,Leyna,2
Rhys-Bernard,1,,Leyre,1
Rhyse,3,,Lia,13
Riach,1,,Liala,1
Rian,13,,Liana,3
Ricards,1,,Lianna,6
Riccardo,1,,Lianne,1
Ricco,1,,Libbi,2
Rice,1,,Libbie,2
Richard,17,,Libbi-louise,1
Richey,1,,Libby,50
Richie,2,,Liberty,3
Ricky,5,,Lida,1
Rico,1,,Lidia,3
Ridley,1,,Liesje,1
Ridwan,1,,Light,1
Rihab,1,,Likiesha,1
Rihan,1,,Likitta,1
Rihards,1,,Lila,10
Rihonn,1,,Lilah,5
Rikki,1,,Lila-Jane,1
Riley,63,,Lileidh,1
Rio,19,,Lili,1
Rioden,1,,Lilia,5
Rishi,2,,Lilian,5
Ritchie,6,,Liliana,2
Rivan,1,,Lilias,2
Riyadh,1,,Lilie-Eve,1
Riyaj,1,,Lilie-May,1
Roan,5,,Lillay,1
Roark,1,,Lilley,1
Roary,1,,Lilli,4
Rob,1,,Lillia,1
Robbi,2,,Lillian,6
Robbie,135,,Lilliana,2
Robbie-lee,1,,Lilliarna,1
Robby,2,,Lillie,12
Robert,158,,Lillie-Mae,1
Robert-Gordon,1,,Lilly,37
Robertjohn,1,,Lilly-Angela,1
Robi,1,,Lillyann,1
Robin,14,,Lillyanne,1
Rocco,22,,Lilly-Rose,1
Roddy,4,,Lily,172
Roderick,2,,Lilya,1
Rodrigo,1,,Lilyana,1
Roen,1,,Lilygrace,1
Rogan,2,,Lily-Grace,1
Roger,1,,Lily-Mae,3
Rohaan,2,,Lily-May,1
Rohan,21,,Lily-Rose,1
Rohin,1,,Limbiadhe,1
Rohit,3,,Lina,2
Rokas,1,,Linda,5
Roman,10,,Linden,1
Ronald,3,,Lindsay,1
Ronan,31,,Linzi,2
Ronan-Benedict,1,,Liona,1
Ronin,6,,Lisa,21
Ronnie,2,,Lisa-Marie,2
Rooke,1,,Liu,1
Roray,1,,Liv,1
Rori,1,,Liva,2
Rorie,1,,Livia,4
Rory,141,,Livie,1
Roshan,1,,Liyah,1
Ross,223,,Liyema,1
Ross-Andrew,1,,Liza,2
Rossi,2,,Lizzie,2
Rowan,20,,Llana,1
Rowen,1,,Lmar,1
Roy,3,,Logan,4
Ruadhan,2,,Logyn,1
Ruaidhri,1,,Logyne,1
Ruairi,11,,Lois,41
Ruairidh,23,,Lok-Sum,1
Ruan,3,,Lola,39
Ruaraidh,9,,Lorelei,1
Ruari,16,,Loren,2
Ruaridh,30,,Lorena,2
Ruben,15,,Lori,8
Rubhan,1,,Lori-ann,2
Rubin,1,,Lorin,1
Rubyn,1,,Lorna,5
Rudi,6,,Lorne,1
Rudy,7,,Lorraine,2
Rufus,1,,Lotta,1
Rui,3,,Lotte,3
Ruo,1,,Lotti,1
Rupert,1,,Lottie,3
Ruslan,1,,Lotus,1
Russel,2,,Louanne,1
Russell,11,,Louella,1
Ryaan,1,,Louisa,22
Ryan,476,,Louise,49
Ryan-Lee,2,,Loulou,1
Ryden,2,,Lowena,1
Ryder,1,,Lowri,1
Ryese,1,,Loxi,1
Ryhs,1,,Lucee,1
Rylan,3,,Luci,6
Rylay,1,,Lucia,16
Rylee,2,,Luciana,2
Ryleigh,2,,Lucie,33
Ryley,10,,Lucie-Ann,1
Rylie,3,,Lucille,2
Ryo,1,,Lucinda,4
Ryszard,1,,Lucky,1
Saad,4,,Lucy,417
Sabeen,1,,Lucyanne,1
Sachkirat,1,,Lucy-Anne,1
Saffi,1,,Lucy-John,1
Saghun,1,,Luella,1
Sahaib,1,,Luighsighe,1
Sahbian,1,,Luisa,7
Sahil,1,,Luiza,1
Saif,5,,Lula,1
Saifaddine,1,,Lulu,2
Saim,1,,Lumi,2
Sajid,1,,Luna,4
Sajjad,1,,Lusiana,1
Salahudin,1,,Lybi,1
Salman,2,,Lydia,7
Salter,1,,Lyena,1
Salvador,1,,Lyla,9
Sam,162,,Lylah,1
Saman,1,,Lylakay,1
Samar,1,,Lyndsay,1
Samarjit,1,,Lyndsey,1
Samatar,1,,Lynn,2
Sambrid,1,,Lynsey,3
Sameer,4,,Lynsie,1
Sami,6,,Lyra,1
Samir,1,,Maanisha,1
Sami-Ullah,1,,Maariyah,1
Samual,1,,Mabel,3
Samuel,182,,Mabruka,1
Samuela,1,,Maca,1
Samy,1,,MacCartney,1
Sanaullah,1,,Macey,9
Sandro,1,,Macey-May,1
Sandy,10,,Machaela,1
Sanfur,1,,Maci,1
Sanjay,1,,Macie,3
Santiago,3,,Macie-Rose,1
Santino,2,,Maci-Jo,1
Satveer,1,,Mackalya,1
Saul,16,,Mackena,1
Saunders,1,,Mackenzie,17
Savin,1,,Macy,22
Sayad,1,,Macy-Ellie,1
Sayeed,1,,Maddi,2
Sayf,1,,Maddie,1
Scot,4,,Maddison,32
Scott,184,,Maddison-Leigh,1
Scott-Alexander,1,,Madeeha,1
Seaan,1,,Madelaine,2
Seamas,2,,Madeleine,32
Seamus,5,,Madeline,11
Sean,166,,Madelyn,1
Seane,1,,Madiha,3
Sean-James,1,,Madilyn,1
Sean-Paul,3,,Madinah,1
Sean-Ray,1,,Madisen,1
Seb,1,,Madisin,1
Sebastian,17,,Madison,96
Sebastien,3,,Madison-Rose,1
Selasi,1,,Madisson,1
Seonaidh,4,,Madisyn,2
Sephiroth,1,,Mae,4
Sergei,1,,Maeghan,1
Sergio,1,,Maeve,7
Seth,6,,Maewenn,1
Sethu,1,,Maeya,1
Seumas,2,,Magdalena,3
Shaarvin,1,,Magdalene,2
Shadow,1,,Maggi,1
Shae,6,,Maggie,6
Shahmir,1,,Maggy,1
Shai,2,,Maha,2
Shane,20,,Mahasen,1
Shannon,1,,Mahdiya,1
Sharland,1,,Mahek,2
Sharoz,1,,Mahnoor,2
Shaughn,1,,Mahum,1
Shaun,74,,Maia,28
Shaunpaul,1,,Maiah,1
Shaun-Paul,1,,Maighdlin,1
Shaun-Thomas,1,,Maija,1
Shaurya,1,,Maili,1
Shaw,1,,Mailli,1
Shawn,6,,Maimie,1
Shawnpaul,1,,Maira,1
Shay,32,,Mairead,5
Shayaan,1,,Mairi,15
Shayan,1,,Mairi-Ann,1
Shaye,3,,Mairin,1
Shayne,11,,Maisey,1
Shazil,1,,Maisha,1
Shea,9,,Maisi,1
Sheafan,1,,Maisie,43
Sheigh,1,,Maisie-Rae,1
Shenuk,1,,Maison,1
Sher,1,,Maisy,9
Shergo,1,,Maiya,4
Sheriff,1,,Maizie,2
Sherwyn,1,,Maizy,1
Shiloh,1,,Maja,13
Shiraz,1,,Majka,1
Shreeram,1,,Makaila,1
Shreyas,1,,Makala,2
Shyam,1,,Makayla,6
Siddhant,1,,Makenna,2
Siddharth,1,,Makenzie,1
Sidharth,1,,Malaeka,1
Sidney,1,,Malaika,4
Siergiej,1,,Malaikah,1
Silas,1,,Malak,1
Simon,4,,Malayka,1
Sinai,1,,Malebo,1
Skye,1,,Malecia,1
Sofian,1,,Maleetah,1
Sohaib,1,,Mali,1
Sohail,1,,Malia,2
Soham,1,,Maliha,2
Sohan,1,,Malika,1
Sol,6,,Malikah,1
Solomon,5,,Malina,1
Sonneey,1,,Malisa,1
Sonni,2,,Mallissaa,1
Sonny,42,,Man,1
Sorley,4,,Manahil,2
Soul,1,,Manal,2
Spencer,9,,Manar,1
Spondon,1,,Mandy,1
Stanislaw,1,,Manisha,2
Stanley,2,,Manon,1
Stefan,1,,Manwen,1
Stefano,1,,Mara,4
Stefin,1,,Maram,1
Stephen,59,,Marcedez,1
Stephenjunior,1,,Marcelina,1
Steve,1,,Marcella,1
Steven,52,,Marci,1
Steven-lee,1,,Marcia,1
Stevie,1,,Marcie,3
Stewart,16,,Marcy,4
Stewarty,1,,Maree,1
Strachan,1,,Maren,1
Struan,32,,Margaret,9
Stuart,63,,Margaret-Mary,1
Su,1,,Maria,38
Subhaan,1,,Mariam,12
Sudais,1,,Marian,2
Suheyb,1,,Mariana,3
Suilven,1,,Marianne,4
Sukhi,1,,Marie,9
Sukhpal,1,,Marieclare,1
Sukhvir,1,,Mariella,1
Sulayman,1,,Mariena,1
Sullivan,1,,Mariesha,1
Sultan,1,,Mariette,1
Sung,1,,Marin,1
Sunny,1,,Marina,1
Suraj,3,,Marion,1
Surien,1,,Maris,1
Sweyn,1,,Marisa,1
Syed,11,,Marissa,17
Sylvain,1,,Mariyah,3
Symon,1,,Marla,1
Szymon,9,,Marlee,1
Tadd,1,,Marley,3
Taddy,1,,Marli,2
Tadhg,2,,Marlie,1
Taegan,1,,Marni,3
Taegen,1,,Marnie,7
Tai,1,,Marriam,1
Tait,3,,Marrwa,1
Taiwo,1,,Marshall,1
Talha,1,,Marta,3
Taliesin,1,,Martha,25
Talon,1,,Martina,4
Talorcan,1,,Martine,2
Tamar,1,,Martyna,1
Tamiem,1,,Marwa,1
Tammam,1,,Marwad,1
Tanay,1,,Marwah,1
Tane,1,,Mary,13
Tanner,1,,Maryam,9
Tanvir,2,,Mary-Anne,1
Tanzeel,1,,Marybeth,1
Taonga,1,,Maryjane,1
Tarik,1,,Mary-Jane,1
Tariq-Jay,1,,Marykate,1
Tate,3,,Maryse,1
Taylan,2,,Marysia,1
Taylar,1,,Maryum,1
Tayler,2,,Mathilda,1
Taylor,104,,Matia,1
Taylor-Jay,2,,Matilda,21
Taylor-Lee,1,,Matylda,2
Tayo,1,,Maude,1
Tayyab,1,,Mauna,1
Tayye,1,,Maura,3
Tayyib,1,,Mawahib,1
Teagan,2,,Maxie,1
Tee,2,,Maxine,1
Teejay,4,,May,2
Tee-jay,2,,Maya,52
Tegan,1,,Maykayla,1
Teighen,1,,Maylea,1
Teiyib,1,,Mayra,1
Te-Jay,1,,Mckenzie,15
Temba,1,,McKenzie-Leigh,1
Teo,1,,Mea,1
Teodor,1,,Meabh,1
Teos,1,,Meadow,5
Terry,3,,Meagan,1
Teydren,1,,Meah,1
Theo,27,,Meara,1
Theodore,10,,Medeeha,1
Thiago,1,,Medina,1
Thierry,1,,Meenal,1
Thom,3,,Meerab,4
Thomas,268,,Megan,204
Thomas-Jay,3,,Meganlee,1
Thomson,1,,Megan-Louise,1
Thorben,1,,Megan-Rose,1
Thorfinn,3,,Megg,1
Thrinei,1,,Megha,1
Thumbiko,1,,Meghan,6
Tiago,3,,Meghana,1
Tian,2,,Mehek,1
Tiarnan,1,,Mehik,2
Tibet,1,,Mehr,1
Tieran,1,,Mehreen,1
Tiernan,3,,Mei,1
Timothy,3,,Meika,2
Timucin,1,,Meili,1
Tiree,1,,Meisha,1
Tisloh,1,,Melandra,1
Titi,1,,Melania,1
Titus,1,,Melanie,10
Tiylar,1,,Meledy,1
TJ,4,,Meleia,1
Tjay,1,,Melica,1
T'jay,1,,Melice,1
T-Jay,3,,Melis,1
Tobey,1,,Melisa,3
Tobi,1,,Melissa,64
Tobias,4,,Melissande,1
Tobie,1,,Melodi,1
Toby,33,,Melodie,1
Todd,4,,Melody,3
Tokinaga,1,,Mena,1
Toluwalase,1,,Menna,1
Tom,38,,Merab,1
Tomas,7,,Mercedes,9
Tomasz,2,,Mercedez,1
Tommi-Lee,1,,Mercy,1
Tommy,9,,Meredith,3
Tomson,1,,Meri,1
Tony,20,,Meriem,1
Torin,10,,Merin,2
Torquil,2,,Merina,1
Torran,2,,Merissa,1
Torrin,1,,Meron,1
Torsten,1,,Merran,1
Trafford,1,,Meryem,2
Trai,1,,Meryl,1
Travis,15,,Mhairade,1
Tre,1,,Mhairi,22
Trent,1,,Mhairi-Anne,1
Trey,2,,Mhari,1
Tristain,1,,Mhea,1
Tristan,15,,Mhia,1
Troy,14,,Mhirren,2
Tubagus,1,,Mhurain,1
Turki,1,,Mhyren,1
Turner,2,,Mia,192
Ty,6,,Miaah,1
Ty-Alexander,1,,Mia-Carmen,1
Tye,3,,Miah,7
Tyelor,1,,Mia-Jac,1
Tylar,3,,Miao,1
Tyler,142,,Mia-Rose,1
Tyler-James,3,,Micaila,1
Tyler-Jay,1,,Micall,1
Tyllor,1,,Micaylah,1
Tylor,1,,Michaela,20
Tymom,1,,Michaella,2
Tymon,1,,Michela,1
Tymoteusz,1,,Michelle,13
Tyra,1,,Mika,4
Tyree,1,,Mikaela,3
Tyrnan,1,,Mikayla,12
Tyrone,1,,Mikella,2
Tyson,2,,Mikka,1
Ubaid,1,,Miku,1
Ubayd,1,,Mila,8
Uchenna,1,,Milana,4
Uilleam,1,,Milandra,1
Umair,1,,Milena,2
Umar,3,,Miley,4
Umer,1,,Mili,1
Umut,1,,Milie,1
Urban,1,,Milla,6
Uri,1,,Millan,1
Usman,1,,Milley,1
Uzair,5,,Milli,3
Uzayr,1,,Millicent,4
Valen,1,,Millie,159
Valentin,1,,Millie-May,1
Valentino,1,,Milly,33
Valery,1,,Minaal,1
Valo,1,,Minah,1
Vasyl,1,,Mindi,1
Vedantsinh,1,,Mindy,1
Veeran,1,,Ming,1
Victor,7,,Minha,1
Victory,1,,Minna,2
Vinay,1,,Minnette,1
Vince,1,,Mira,2
Vincent,12,,Mirabelle,1
Vincenzo,2,,Miranda,1
Vinh,1,,Miranne,1
Vinnie,1,,Miren,1
Vithujan,1,,Miriam,10
Vladimir,1,,Mirin,5
Vladislav,1,,Mirin-May,1
Vrishin,1,,Mirran,2
Vuyolwethu,1,,Mirren,34
Wabuya,1,,Mirrin,7
Wai,1,,Mirryn,1
Walid,1,,Miryn,1
Wallace,4,,Misba,1
Walter,3,,Mischa,9
Waqaas,1,,Mishkat,1
Warkhas,1,,Missy,1
Warren,18,,Misty-Blue,1
Warrick,1,,Mitzi,1
Wasif,1,,Miya,19
Wayde,1,,Miyah,2
Wayne,4,,Miyha,1
Wei,1,,Mohaddesa,1
Wen,2,,Mollie,41
Wesley,5,,Molly,149
Wesley-Scott,1,,Molly-Jo,1
Wiktor,6,,Molly-Mae,1
Wilkie,1,,Molly-Mia,1
Will,4,,Molly-Rose,1
William,176,,Momina,3
William-John,1,,Monica,12
Willum,1,,Monika,2
Wilson,4,,Monique,2
Windsor,1,,Monta,1
Wojciech,2,,Morag,5
Woyenbrakemi,1,,Morgan,104
Wyatt,3,,Morgan-Lee,1
Wylie,1,,Morgan-Leigh,2
Wynn,1,,Morgen,2
Xabier,1,,Morgyn,2
Xander,8,,Morna,2
Xavier,3,,Mornach,1
Xiao,1,,Morran,1
Xida,1,,Morven,32
Xin,1,,Morvern,2
Xue,1,,Morvyn,2
Yadgor,1,,Morwen,1
Yago,1,,Morwena,1
Yahya,1,,Moryn,1
Yakup,1,,Mounia,1
Yang,1,,Mowmita,1
Yanick,1,,Moya,1
Yann,2,,Muireann,1
Yannick,2,,Munachi,1
Yaseen,3,,Munashe,1
Yasin,1,,Muneeba,1
Yasir,1,,Muqadaas,1
Yassin,1,,Muran,1
Yoji,1,,Murdina,1
Yong,1,,Muriel,1
Yoolgeun,1,,Murran,1
Yorgos,1,,Murren,2
Youcef,2,,Murrin,5
Yousif,1,,Murron,14
Youssef,1,,Murrun,1
Yu,2,,Muryam,1
Yuanyu,1,,Muskaan,2
Yuri,2,,Mutinta,1
Yusef,1,,Mya,61
Yusuf,8,,Myah,6
Yves,1,,Mya-Lexi,1
Zaaine,1,,Myleene,1
Zaak,1,,Myrna,1
Zac,28,,Mysha,1
Zach,38,,Nabeeha,1
Zachariah,3,,Nabiha,1
Zacharias,1,,Nadia,18
Zacharie,1,,Nadine,3
Zacharius,1,,Nadisa,1
Zachariya,1,,Naeema,2
Zachary,16,,Nafeesa,1
Zachary-Marc,1,,Naia,1
Zachery,1,,Naideen,1
Zack,31,,Naila,2
Zackary,2,,Naima,1
Zaid,3,,Naimh,2
Zain,8,,Naina,1
Zaine,1,,Nairne,1
Zaineddine,1,,Naisha,1
Zainedin,1,,Nakeisha,1
Zak,89,,Nala,2
Zakaria,2,,Nana,1
Zakariya,2,,Nancy,7
Zakary,1,,Naoise,1
Zaki,2,,Naomi,38
Zakir,2,,Naomie,1
Zakk,2,,Narissa,1
Zamaar,1,,Nasifa,1
Zander,25,,Natalia,14
Zane,10,,Natalie,52
Zarran,1,,Natane,1
Zayd,4,,Natania,2
Zayn,1,,Natascha,2
Zayne,1,,Natasha,40
Ze,1,,Nathalie,1
Zechariah,1,,Natividad,1
Zeek,1,,Navdeep,1
Zeeshan,1,,Navneet,1
Zeid,1,,Nawal,1
Zein,1,,Nawel,1
Zen,1,,Nayeli,1
Zendel,1,,Naz,2
Zenith,1,,Nazia,1
Zennon,1,,Nazlijan,1
Zeph,1,,Nazzera,1
Zerah,1,,Neave,11
Zhen,1,,Neela,3
Zhi,2,,Neelam,1
Zhong,1,,Neema,1
Zhuo,1,,Neeve,5
Zi,3,,Neha,2
Zidane,1,,Neiv,1
Zijie,1,,Neive,4
Zinedine,1,,Nell,3
Zion,3,,Nelly,2
Zishan,1,,Nepheli,1
Ziya,1,,Nerea,1
Ziyaan,1,,Nerisse,1
Zohaib,1,,Nevada,1
Zohair,1,,Nevaeh,4
Zoubaeir,1,,Neve,69
Zubair,1,,Ngaire,1
Zubayr,1,,Nia,7
Zuriel,1,,Niah,1
,,,Nialla,1
,,,Niamh,203
,,,Nichole,1
,,,Nicki,1
,,,Nicky,1
,,,Nico,1
,,,Nicola,24
,,,Nicole,109
,,,Nicolina,1
,,,Nicoll,1
,,,Nidba,1
,,,Nidhi,1
,,,Nieve,19
,,,Nigar,1
,,,Niharika,2
,,,Nika,1
,,,Nikela,1
,,,Nikita,8
,,,Nikitta,1
,,,Nikiya,1
,,,Nikki,7
,,,Nikol,1
,,,Nikola,3
,,,Nikoleta,1
,,,Nikolina,1
,,,Nima,1
,,,Nina,28
,,,Ninon,1
,,,Niobe,1
,,,Niome,1
,,,Niomi,5
,,,Nirvana,2
,,,Nisha,2
,,,Niteesha,1
,,,Nitya,1
,,,Nivedita,1
,,,Nivyn,1
,,,Nnenda,1
,,,Noa,2
,,,Nodoka,1
,,,Noelani,1
,,,Nola,1
,,,Nontando,1
,,,Noor,4
,,,Noor-El-Iman,1
,,,Noor-Fatima,1
,,,Nora,2
,,,Norea,1
,,,Nour,1
,,,Nuala,6
,,,Nur,3
,,,Nur-Aasiya,1
,,,Nureza,1
,,,Nuriyah,1
,,,Nuwaira,1
,,,Nyah,4
,,,Nyla,2
,,,Nyomi,2
,,,Nyree,2
,,,Ocean,1
,,,Oghenedoro,1
,,,Olive,2
,,,Olivia,357
,,,Olivia-Grace,1
,,,Olivia-Louise,1
,,,Olivia-Mae,1
,,,Oliwia,7
,,,Olubanke,1
,,,Olufunke,1
,,,Olutobilola,1
,,,Oluwabukunmi,1
,,,Oluwademilade,1
,,,Oluwafemi,1
,,,Oluwaferanmi,1
,,,Oluwanifemi,1
,,,Oluwatamilore,1
,,,Oluwateniolami,1
,,,Oluwatimilehin,1
,,,Oluwatosin,1
,,,Olympia,1
,,,Omolola,1
,,,Oona,1
,,,Oonagh,1
,,,Ophelia,1
,,,Oriana,2
,,,Oriane,1
,,,Orin,1
,,,Orla,59
,,,Orlagh,3
,,,Orlah,2
,,,Orlaidh,3
,,,Orlaigh,1
,,,Orlaith,11
,,,Orlaithe,1
,,,Orlanna,1
,,,Oryn,1
,,,Oshun,1
,,,Otilia,1
,,,Otilija,1
,,,Pagan,2
,,,Page,1
,,,Paidamoyo,1
,,,Paige,92
,,,Paisley,2
,,,Paislie,1
,,,Palmer,1
,,,Pamela,1
,,,Pamindar,1
,,,Pari,1
,,,Paris,7
,,,Parisa,1
,,,Parmin,1
,,,Parwana,1
,,,Parya,1
,,,Patience,1
,,,Patricia,2
,,,Patrycja,3
,,,Patsy,1
,,,Paula,2
,,,Paulina,2
,,,Pauline,1
,,,Payton,2
,,,Peaches,1
,,,Pearl,2
,,,Peebles,1
,,,Peggy,1
,,,Peige,1
,,,Penelope,2
,,,Penny,8
,,,Perrie,1
,,,Petra,3
,,,Peyton,5
,,,Phebe,2
,,,Philippa,3
,,,Phillipa,1
,,,Phoebe,35
,,,Pia,2
,,,Pipa,1
,,,Piper,7
,,,Pippa,7
,,,Plamedie,1
,,,Pola,1
,,,Polly,7
,,,Poppie,2
,,,Poppy,65
,,,Porsha,1
,,,Portia,1
,,,Possum,1
,,,Prabhasees,1
,,,Prabhjot,1
,,,Prasheeta,1
,,,Precious,1
,,,Preet,1
,,,Presley,1
,,,Primrose,1
,,,Princess,2
,,,Priscillia,1
,,,Prisha,2
,,,Prithivi,1
,,,Priya,3
,,,Prudance,1
,,,Puja,1
,,,Pyper,2
,,,Qainat,1
,,,Qandeel,1
,,,Qi,1
,,,Qin,1
,,,Queen,1
,,,Queeneffa,1
,,,Queenie,2
,,,Quinn,1
,,,Raashi,1
,,,Rabia,1
,,,Rachael,55
,,,Rachael-Louise,1
,,,Racheal,1
,,,Rachel,182
,,,Rachel-Marie,1
,,,Rachna,1
,,,Rae,3
,,,Raegan,3
,,,Rafif,1
,,,Ragen,1
,,,Raghida,1
,,,Ragid,1
,,,Rahel,1
,,,Rahimah,1
,,,Rahma,2
,,,Rai,1
,,,Raigen,1
,,,Raimee,1
,,,Raina,1
,,,Raine,1
,,,Raisha,1
,,,Rajveer,1
,,,Rajwinder,1
,,,Raman,1
,,,Ramandeep,1
,,,Rameen,3
,,,Rameesah,1
,,,Rana,1
,,,Rania,3
,,,Raniyah,1
,,,Ranya,1
,,,Raonaid,1
,,,Raphaela,1
,,,Rawia,1
,,,Ray,1
,,,Raya,2
,,,Rayan,1
,,,Rayann,1
,,,Rayna,1
,,,Rayne,2
,,,Rayyan,1
,,,Razan,1
,,,Rea,1
,,,Reagan,5
,,,Reaiah,1
,,,Rebbecah,1
,,,Rebbecca,1
,,,Rebeca,1
,,,Rebecca,251
,,,Rebecca-Lee,1
,,,Rebecka,1
,,,Rebeka,4
,,,Rebekah,22
,,,Rebekha,1
,,,Rebekkah,1
,,,Reegan,2
,,,Reeha,1
,,,Reena,1
,,,Reese,6
,,,Reeva,1
,,,Regan,10
,,,Regina,1
,,,Rehanna,1
,,,Reiah,1
,,,Reilly,2
,,,Reiss,1
,,,Remei,1
,,,Remi,1
,,,Remonae,1
,,,Remy,1
,,,Renas,1
,,,Renee,4
,,,Renia,1
,,,Reynelle,1
,,,Rhaeanna,1
,,,Rhanna,1
,,,Rhea,11
,,,Rheanan,1
,,,Rheanna,3
,,,Rheanne,1
,,,Rhia,4
,,,Rhiah,1
,,,Rhian,6
,,,Rhiana,3
,,,Rhianna,50
,,,Rhiannan,2
,,,Rhianne,6
,,,Rhiannin,1
,,,Rhiannnon,1
,,,Rhiannon,31
,,,Rhianyn,1
,,,Rhienna,1
,,,Rhiona,1
,,,Rhoda,1
,,,Rhona,7
,,,Rhonda,1
,,,Rhya,1
,,,Rhyanna,2
,,,Rhylee,1
,,,Rhythm,1
,,,Ria,6
,,,Riagan,1
,,,Rian,2
,,,Riana,2
,,,Rianna,2
,,,Rianne,2
,,,Riha,1
,,,Riham,1
,,,Rihana,1
,,,Rihanna,17
,,,Rihannah,1
,,,Rikki,1
,,,Riley,6
,,,Rimal,1
,,,Rio,3
,,,Risa,1
,,,Riva,1
,,,Riven,1
,,,Riya,4
,,,Roba,1
,,,Roberta,1
,,,Robyn,82
,,,Rochelle,2
,,,Rohanne,1
,,,Rohma,1
,,,Roisin,12
,,,Roma,4
,,,Romana,1
,,,Romanie,1
,,,Romany,1
,,,Romey,1
,,,Romi,2
,,,Romilly,2
,,,Romily,1
,,,Romina,1
,,,Romy,6
,,,Rona,4
,,,Roni,1
,,,Roos,1
,,,Rosa,9
,,,Rosalie,2
,,,Rosalin,1
,,,Rosalind,2
,,,Rosalyn,3
,,,Rosangel,1
,,,Rosanna,2
,,,Rose,34
,,,Rosea,1
,,,Roseanne-Charlotte,1
,,,Rosemary,6
,,,Rosheen,1
,,,Roshni,1
,,,Rosie,50
,,,Rosie-Willow,1
,,,Rosina,2
,,,Roslin,2
,,,Roslyn,3
,,,Rosslyn,3
,,,Rovia,1
,,,Rowan,32
,,,Rowanna,1
,,,Rowen,1
,,,Rowenna,1
,,,Rowyn,1
,,,Roxabella,1
,,,Roxana,1
,,,Roxanna,1
,,,Roxanne,4
,,,Roxie,1
,,,Roxi-Reene,1
,,,Roxy,1
,,,Rozerin,1
,,,Ruadhan,1
,,,Rubi,1
,,,Rubie,1
,,,Rubii,1
,,,Ruby,188
,,,Ruby-Ann,1
,,,Ruby-Anne,1
,,,Ruby-Blu,1
,,,Ruby-Jayne,1
,,,Ruby-Mae,1
,,,Rukhsana,1
,,,Rumaysa,1
,,,Ruqaiya,1
,,,Ruqayah,1
,,,Ruta,1
,,,Ruth,14
,,,Rybecca,1
,,,Rydha,1
,,,Ryhanna,1
,,,Ryleigh,1
,,,Rylie,1
,,,Rylie-Rae,1
,,,Rzan,1
,,,Saadah,1
,,,Saanvi,1
,,,Saarah,3
,,,Saba,3
,,,Sabah,1
,,,Sabila,1
,,,Sabina,1
,,,Sabine,1
,,,Sabrina,2
,,,Sabrine,1
,,,Sabriyah,1
,,,Sacha,1
,,,Sadhbh,1
,,,Sadie,19
,,,Sadie-Jane,1
,,,Sadiqa,1
,,,Sadiyah,1
,,,Safa,7
,,,Safara,1
,,,Safeena,1
,,,Saffa,1
,,,Saffron,6
,,,Safi,1
,,,Safia,2
,,,Safiya,1
,,,Safiyyah,1
,,,Sahana,1
,,,Sahar,1
,,,Sahara,1
,,,Saharra,1
,,,Sahra,1
,,,Sai,1
,,,Saiba,1
,,,Saicu,1
,,,Sainabou,1
,,,Saiorse,1
,,,Saira,7
,,,Sairah,1
,,,Sajida,1
,,,Sakina,2
,,,Sali,1
,,,Saliha,1
,,,Salihah,1
,,,Salina,1
,,,Sally,10
,,,Salma,6
,,,Salsabeel,1
,,,Salymat,1
,,,Sam,3
,,,Saman,1
,,,Samanta,1
,,,Samantha,53
,,,Samanthalee,1
,,,Samar,1
,,,Samara,1
,,,Sameera,2
,,,Samiha,1
,,,Sami-Jo,1
,,,Samira,1
,,,Samiya,1
,,,Sammi,1
,,,Sammie,1
,,,Sammy,1
,,,Samya,1
,,,Sana,4
,,,Sanaa,1
,,,Sanchia-Tara,1
,,,Sandie,1
,,,Sandra,6
,,,Sandy,1
,,,Sania,1
,,,Saniya,1
,,,Saniyah,1
,,,Sanjana,2
,,,Sanna,1
,,,Saoirse,6
,,,Saphyre,1
,,,Sara,46
,,,Saraah,1
,,,Sara-Ann,1
,,,Sarabeth,1
,,,Sarah,185
,,,Sarahjane,2
,,,Sarah-Jane,11
,,,Sarah-Jayne,1
,,,Sarah-Leigh,1
,,,Sarahlouise,1
,,,Sarah-Louise,7
,,,Sara-Jane,3
,,,Sara-Marie,1
,,,Saranna,1
,,,Sareena,1
,,,Sarina,1
,,,Sarka,1
,,,Sarra,1
,,,Sascha,1
,,,Saschamarie,1
,,,Sasha,19
,,,Saskia,10
,,,Saumya,1
,,,Savanah,1
,,,Savanna,2
,,,Savannah,12
,,,Sawdah,1
,,,Sayeda,1
,,,Sayuri,1
,,,Scarlet,2
,,,Scarlett,23
,,,Scarlett-Sinnead,1
,,,Schekina,1
,,,Schuyler,1
,,,Scout,1
,,,Se,1
,,,Seatle,1
,,,Seerat,1
,,,Sehar,1
,,,Seighin,1
,,,Selena,2
,,,Selina,3
,,,Seo,1
,,,Seona,1
,,,Seonag,1
,,,Sera,1
,,,Serafina,1
,,,Sereen,1
,,,Seren,3
,,,Serena,9
,,,Serene,1
,,,Seriah,1
,,,Setana,1
,,,Sevin,1
,,,Seze,1
,,,Shae,2
,,,Shafaq,1
,,,Shafia,1
,,,Shafira,1
,,,Shahd,2
,,,Shahed,2
,,,Shahna,1
,,,Shaiza,1
,,,Shakeira,1
,,,Shakira,1
,,,Shalamar,1
,,,Shalanna,1
,,,Shanade,1
,,,Shanae,2
,,,Shanai,1
,,,Shanea,1
,,,Shanelle,2
,,,Shani,2
,,,Shania,2
,,,Shanice,3
,,,Shanna,2
,,,Shannah,1
,,,Shannan,2
,,,Shannon,77
,,,Shannon-Louise,1
,,,Shannyn,2
,,,Shanon,1
,,,Shantelle,2
,,,Shanyn-Leigh,1
,,,Shanyse,1
,,,Shanzay,1
,,,Sharilee,1
,,,Sharleen,2
,,,Sharlene,2
,,,Sharlyn,1
,,,Sharmaine,1
,,,Sharmin,1
,,,Sharon,1
,,,Sharona,1
,,,Sharyn,1
,,,Shauna,2
,,,Shauna-Louise,1
,,,Shauni,1
,,,Shauntel,1
,,,Shay,1
,,,Shaye,1
,,,Shayla,1
,,,Shaylee,1
,,,Shayna,1
,,,Shazina,1
,,,Sheanne,1
,,,Sheignneth,1
,,,Shelbie,2
,,,Shelby,5
,,,Shelley,1
,,,Sheonagh,1
,,,Sherese,1
,,,Sheridan,2
,,,Sherin,1
,,,Shi,3
,,,Shihed,1
,,,Shikha,1
,,,Shilpa,1
,,,Shinade,1
,,,Shinay,1
,,,Shivani,1
,,,Shiza,1
,,,Shola,1
,,,Shona,7
,,,Shonagh,2
,,,Shreya,1
,,,Shula,1
,,,Shuni,1
,,,Shwetika,1
,,,Shyanne,1
,,,Si,1
,,,Sia,1
,,,Sian,9
,,,Sianade,1
,,,Sianna,2
,,,Siannon,1
,,,Sicilija,1
,,,Sidal,1
,,,Sidonie,1
,,,Sidra,1
,,,Siena,3
,,,Sienna,24
,,,Sihaam,1
,,,Silvana,1
,,,Simah,1
,,,Simbiat,1
,,,Simone,10
,,,Simonne,1
,,,Simra,1
,,,Simran,1
,,,Sinali,1
,,,Sinead,19
,,,Sineidin,1
,,,Sinem,1
,,,Siobhan,14
,,,Sionan,1
,,,Siouxsie,1
,,,Siranne,1
,,,Siriol,1
,,,Sister,1
,,,Siubhan,1
,,,Siya,1
,,,Siyona,1
,,,Skie,3
,,,Sky,12
,,,Skye,193
,,,Skyla,3
,,,Skylar,2
,,,Skyler,3
,,,Slaney-Leigh,1
,,,Slsbil,1
,,,Sno,1
,,,Sofia,29
,,,Sofiane,1
,,,Sofie,2
,,,Soha,1
,,,Sohaa,1
,,,Sohera,1
,,,Sol,1
,,,Soma,1
,,,Somaya,1
,,,Sommer,1
,,,Sona,2
,,,Sonia,4
,,,Sonni,1
,,,Sonniva,1
,,,Sophi,2
,,,Sophia,75
,,,Sophiann,1
,,,Sophie,613
,,,Sophie-Grace,1
,,,Sophie-Lea,1
,,,Sophie-Leigh,1
,,,Sophie-Louise,2
,,,Sophie-Mae,1
,,,Sophie-Marie,1
,,,Sorcha,7
,,,Sorche,1
,,,Sorrel,1
,,,Soukina,1
,,,Spencer,1
,,,Sree,1
,,,Stacey,7
,,,Stacy,3
,,,Starr,2
,,,Stefanie,1
,,,Stefany,1
,,,Steff,1
,,,Steffie,1
,,,Stella,19
,,,Stephanie,29
,,,Stephanie-Anne,1
,,,Stephany,1
,,,Stevey,1
,,,Stevie,2
,,,Stevie-Jay,1
,,,Stevie-Leigh,1
,,,Storm,3
,,,Suhaira,1
,,,Suilven,1
,,,Sukhman,1
,,,Sukhmani,1
,,,Sukhpreet,1
,,,Sukhveer,2
,,,Sukveer,1
,,,Sum,1
,,,Suman,1
,,,Summer,93
,,,Summer-Ollivia,1
,,,Sunehri,1
,,,Suranne,2
,,,Surina,1
,,,Surya,1
,,,Susan,3
,,,Susanna,3
,,,Susannah,2
,,,Susanne,3
,,,Susie,2
,,,Suvi,1
,,,Suzannah,2
,,,Suzanne,5
,,,Suze,1
,,,Suzi,1
,,,Suzie,2
,,,Suzy,1
,,,Swarnalakshmi,1
,,,Sweet,1
,,,Sydnee,2
,,,Sydney,5
,,,Syeda,5
,,,Sylvana,1
,,,Sylvanna,1
,,,Sylvia,2
,,,Sylvie,8
,,,Tabbitha,1
,,,Tabetha,1
,,,Tabitha,6
,,,Taen,1
,,,Tahlia,3
,,,Tahlia-Nikole,1
,,,Taiba,1
,,,Tailee,1
,,,Taira,1
,,,Taisha,1
,,,Taiya,1
,,,Takira,1
,,,Takua,1
,,,Tal,1
,,,Tala,3
,,,Talia,2
,,,Taliah,1
,,,Taliesin,1
,,,Talise,1
,,,Taliya,1
,,,Talya,1
,,,Tamara,4
,,,Tamarah,1
,,,Tamika,1
,,,Tami-Marie,1
,,,Tamlah,1
,,,Tammara,1
,,,Tammi,1
,,,Tammie,1
,,,Tammi-Jo,1
,,,Tammy,8
,,,Tammy-Jo,1
,,,Tammylee,1
,,,Tamsin,5
,,,Tamta,1
,,,Tamzin,9
,,,Tamzin-Taylor,1
,,,Tamzyn,2
,,,Tanasha,1
,,,Tanchoma,1
,,,Tania,2
,,,Taniesha,1
,,,Tanika,2
,,,Tanisha,1
,,,Tanith,1
,,,Tansy,1
,,,Tanya,6
,,,Tanya-Marie,1
,,,Tanzina,1
,,,Taqwa,1
,,,Taqwah,1
,,,Tara,11
,,,Tara-Leigh,1
,,,Tareena,1
,,,Tasbiha,1
,,,Tasha,1
,,,Tasia,1
,,,Tasneem,1
,,,Tasniem,1
,,,Tasnim,1
,,,Tatiana,1
,,,Tay,1
,,,Taya,1
,,,Taylan,1
,,,Tayler,4
,,,Taylor,87
,,,Taylor-Ray,1
,,,Taysia,1
,,,Tea,1
,,,Teagan,17
,,,Teagen,1
,,,Teagen-Leigh,1
,,,Teah,1
,,,Teegan,6
,,,Tegan,31
,,,Tegen,1
,,,Teghan,1
,,,Tehya,1
,,,Tehzeeb,1
,,,Tehzeeba,1
,,,Teigan,22
,,,Teigan-Louise,1
,,,Teighan,6
,,,Teigon,1
,,,Telise,1
,,,Tembe,1
,,,Temi,1
,,,Temilade,1
,,,Temitayo,1
,,,Temperance,1
,,,Teresa,1
,,,Tereza,1
,,,Teri,5
,,,Teri-Ann,1
,,,Teri-Leigh,1
,,,Terra,1
,,,Terri,5
,,,Terri-Anne,1
,,,Tess,10
,,,Tessa,7
,,,Teyyibah,1
,,,Thais,1
,,,Thalia,2
,,,Thara,1
,,,Thea,10
,,,Theana-Lee,1
,,,Theresa,1
,,,Thia,1
,,,Thirza,1
,,,Tia,35
,,,Tia-Grace,1
,,,Tia-Jay,1
,,,Tia-Louise,1
,,,Tian,1
,,,Tiana,14
,,,Tianna,5
,,,Tianqi,1
,,,Tiarn,1
,,,Tiegan,17
,,,Tieghan,1
,,,Tiffany,7
,,,Tigan,1
,,,Tighan,1
,,,Tilda,2
,,,Tilhi,1
,,,Tillie,1
,,,Tilly,15
,,,Tiona,1
,,,Tione,1
,,,Tira,1
,,,Tiree,2
,,,Tiya,2
,,,Tokunbo,1
,,,Toluwani,1
,,,Toluwanimi,1
,,,Toni,26
,,,Toni-Lee,1
,,,Tori,2
,,,Torri,1
,,,Torrie,1
,,,Torrie-Lee,1
,,,Tracey,1
,,,Tracy,3
,,,Trassa,1
,,,Triniti,1
,,,Trinity,4
,,,Tru,2
,,,Trudie,2
,,,Trudy,1
,,,Truli,1
,,,Tyane,1
,,,Tyeghyn,1
,,,Tygan,1
,,,Tyja,1
,,,Tyla,1
,,,Tyler,13
,,,Tylor,1
,,,Tyra,3
,,,Tzara,1
,,,Ula,1
,,,Umaima,1
,,,Umaya,1
,,,Umme,1
,,,Una,1
,,,Unaiza,2
,,,Unity,1
,,,Usmah,1
,,,Uwana-Abasi,1
,,,Uxia,1
,,,Uzma,1
,,,Vaila,3
,,,Vaimante,1
,,,Vairi,1
,,,Vaishali,1
,,,Valentina,1
,,,Valeria,1
,,,Valerie,2
,,,Vanessa,9
,,,Vanni,1
,,,Vanya,1
,,,Vasemaca,1
,,,Vasiliki,3
,,,Veera,1
,,,Verity,7
,,,Veronica,2
,,,Veronika,2
,,,Vhairi,2
,,,Vicki,1
,,,Vicky,1
,,,Victoria,43
,,,Victoria-Leigh,1
,,,Viki,1
,,,Vikki,3
,,,Viktoria,1
,,,Violet,9
,,,Virginia,1
,,,Virginie,1
,,,Vivian,1
,,,VJay,1
,,,Wanessa,1
,,,Wang,1
,,,Wardah,1
,,,Wen,1
,,,Wendy,2
,,,Weronika,2
,,,Wezi,1
,,,Wiktoria,5
,,,Wiktorja,1
,,,Wilhelmina,1
,,,Willa,1
,,,Willow,13
,,,Windsor,1
,,,Wing,2
,,,Wing-Yee,1
,,,Winnifred,1
,,,Witney,1
,,,Wren,1
,,,Wu,1
,,,Xaniamh,1
,,,Xanthe,1
,,,Xanthia,1
,,,Xin,3
,,,Xiong,1
,,,Xsara-Louise,1
,,,Xue,1
,,,Yana,1
,,,Yangxi,1
,,,Yaris,1
,,,Yasemin,1
,,,Yasmeen,2
,,,Yasmin,13
,,,Yasmine,9
,,,Yazmin,1
,,,Yelena,1
,,,Yingzi,1
,,,Yi-Qing,1
,,,Yishuka,1
,,,Yi-Xuan,1
,,,Yolanda,1
,,,Yolwandle,1
,,,Youer,1
,,,Yu,2
,,,Yusra,2
,,,Yutong,1
,,,Yva,1
,,,Zaheerah,1
,,,Zahide,1
,,,Zahira,1
,,,Zahra,12
,,,Zahraa,1
,,,Zaina,2
,,,Zainab,10
,,,Zainib,1
,,,Zakiyya,1
,,,Zalfa,1
,,,Zanab,1
,,,Zara,85
,,,Zarah,7
,,,Zaya,1
,,,Zaynab,1
,,,Zaynah,4
,,,Zeenat,3
,,,Zehra,1
,,,Zeinab,1
,,,Zella,1
,,,Zena,2
,,,Zenab,1
,,,Zenah,1
,,,Zenub,1
,,,Zeynep,1
,,,Zhen,1
,,,Zhi,2
,,,Zi,1
,,,Zian,1
,,,Zinto,1
,,,Zita,1
,,,Zoe,142
,,,Zoe-Jane,2
,,,Zoey,4
,,,Zofia,4
,,,Zoha,3
,,,Zohra,1
,,,Zosia,1
,,,Zoya,7
,,,Zuhrah,1
,,,Zulaikha,1
,,,Zunaira,1
,,,Zunairah,2
,,,Zunera,1
,,,Zuzanna,15
,,,Zuzia,1
,,,Zuzu,1
